"Tilda UID";Brand;SKU;Mark;Category;Title;Description;Text;Photo;Price;Quantity;"Price Old";Editions;Modifications;"External ID";"Parent UID";Weight;Length;Width;Height
863587716744;;;;Трансформаторы;"Трансформатор масляный ТМ(Г)-25/6(10)/0,4";"Схема соединения обмоток: У/Ун-0, Д/Ун-11";"Силовые понижающие трехфазные двухобмоточные масляные трансформаторы ТМГ на напряжение 6 или 10 кВ предназначены для преобразования электроэнергии в сетях энергетических систем и для снабжения электрической энергией различных потребителей.";https://static.tildacdn.com/tild3839-3534-4666-b834-346135306239/_25.jpg;;;;;;lxSG0Ap1NcbmHuBJBd2Z;;0;0;0;0
820067079386;;;;;"Трансформатор масляный ТМ(Г)-25/6(10)/0,4 / С хранения- 25- С хранения";;;https://static.tildacdn.com/tild3030-3839-4136-b033-313265646230/Group_24.png;55000.0000;;;"Мощность трансформатора:25;Состояние:С хранения";;mov2Hu076ljHikkSbHgU;863587716744;0;0;0;0
643924129281;;;;;"Трансформатор масляный ТМ(Г)-25/6(10)/0,4 / Новый- 25- Новый";;;https://static.tildacdn.com/tild3030-3839-4136-b033-313265646230/Group_24.png;82000.0000;;;"Мощность трансформатора:25;Состояние:Новый";;FFJlVVGFpiVfcbVKY8ma;863587716744;0;0;0;0
606844069035;;;;;"Трансформатор масляный ТМ(Г)-25/6(10)/0,4 / 40 / С хранения- 40- С хранения";;;https://static.tildacdn.com/tild3030-3839-4136-b033-313265646230/Group_24.png;60000.0000;;;"Мощность трансформатора:40;Состояние:С хранения";;xsBKzUZc7lDPIdnPMVyN;863587716744;0;0;0;0
773865534094;;;;;"Трансформатор масляный ТМ(Г)-25/6(10)/0,4 / 40 / Новый- 40- Новый";;;https://static.tildacdn.com/tild3030-3839-4136-b033-313265646230/Group_24.png;89000.0000;;;"Мощность трансформатора:40;Состояние:Новый";;v1Fd7yl3uN591ZucO9Jh;863587716744;0;0;0;0
557218275140;;;;;"Трансформатор масляный ТМ(Г)-25/6(10)/0,4 / 63 / С хранения- 63- С хранения";;;https://static.tildacdn.com/tild3030-3839-4136-b033-313265646230/Group_24.png;70000.0000;;;"Мощность трансформатора:63;Состояние:С хранения";;dflMGEUAbD34ptc5PbB6;863587716744;0;0;0;0
132247098274;;;;;"Трансформатор масляный ТМ(Г)-25/6(10)/0,4 / 63 / Новый- 63- Новый";;;https://static.tildacdn.com/tild3030-3839-4136-b033-313265646230/Group_24.png;105000.0000;;;"Мощность трансформатора:63;Состояние:Новый";;lRMYFAANJz0xhbIVhGz0;863587716744;0;0;0;0
635087603779;;;;;"Трансформатор масляный ТМ(Г)-25/6(10)/0,4 / 100 / С хранения- 100- С хранения";;;https://static.tildacdn.com/tild3030-3839-4136-b033-313265646230/Group_24.png;80000.0000;;;"Мощность трансформатора:100;Состояние:С хранения";;9kDajPkOGlRCjEEzM7ey;863587716744;0;0;0;0
661021089385;;;;;"Трансформатор масляный ТМ(Г)-25/6(10)/0,4 / 100 / Новый- 100- Новый";;;https://static.tildacdn.com/tild3030-3839-4136-b033-313265646230/Group_24.png;130000.0000;;;"Мощность трансформатора:100;Состояние:Новый";;5pyUzDZHHIO9bo0SeULG;863587716744;0;0;0;0
934094222558;;;;;"Трансформатор масляный ТМ(Г)-25/6(10)/0,4 / 160 / С хранения- 160- С хранения";;;https://static.tildacdn.com/tild3030-3839-4136-b033-313265646230/Group_24.png;110000.0000;;;"Мощность трансформатора:160;Состояние:С хранения";;8Ye3iIvf2ho4OVCV5LaO;863587716744;0;0;0;0
787613937359;;;;;"Трансформатор масляный ТМ(Г)-25/6(10)/0,4 / 160 / Новый- 160- Новый";;;https://static.tildacdn.com/tild3030-3839-4136-b033-313265646230/Group_24.png;165000.0000;;;"Мощность трансформатора:160;Состояние:Новый";;uMNEemZ5mBo5PZRU35bF;863587716744;0;0;0;0
495080727123;;;;;"Трансформатор масляный ТМ(Г)-25/6(10)/0,4 / 250 / С хранения- 250- С хранения";;;https://static.tildacdn.com/tild3030-3839-4136-b033-313265646230/Group_24.png;130000.0000;;;"Мощность трансформатора:250;Состояние:С хранения";;9HEyDgLKCUEYme85aEoV;863587716744;0;0;0;0
180531940129;;;;;"Трансформатор масляный ТМ(Г)-25/6(10)/0,4 / 250 / Новый- 250- Новый";;;https://static.tildacdn.com/tild3030-3839-4136-b033-313265646230/Group_24.png;197000.0000;;;"Мощность трансформатора:250;Состояние:Новый";;pddnGEPCgnCJYPLBK0Ck;863587716744;0;0;0;0
838500086570;;;;;"Трансформатор масляный ТМ(Г)-25/6(10)/0,4 / 400 / С хранения- 400- С хранения";;;https://static.tildacdn.com/tild3030-3839-4136-b033-313265646230/Group_24.png;160000.0000;;;"Мощность трансформатора:400;Состояние:С хранения";;tcRFj13dIvKniXLL52T6;863587716744;0;0;0;0
132725008506;;;;;"Трансформатор масляный ТМ(Г)-25/6(10)/0,4 / 400 / Новый- 400- Новый";;;https://static.tildacdn.com/tild3030-3839-4136-b033-313265646230/Group_24.png;265000.0000;;;"Мощность трансформатора:400;Состояние:Новый";;FcrDMyAHHAUZYrKAVu8S;863587716744;0;0;0;0
205857010513;;;;;"Трансформатор масляный ТМ(Г)-25/6(10)/0,4 / 630 / С хранения- 630- С хранения";;;https://static.tildacdn.com/tild3030-3839-4136-b033-313265646230/Group_24.png;250000.0000;;;"Мощность трансформатора:630;Состояние:С хранения";;ShKgoplovVmg8uBl4ZXB;863587716744;0;0;0;0
976828923562;;;;;"Трансформатор масляный ТМ(Г)-25/6(10)/0,4 / 630 / Новый- 630- Новый";;;https://static.tildacdn.com/tild3030-3839-4136-b033-313265646230/Group_24.png;355000.0000;;;"Мощность трансформатора:630;Состояние:Новый";;xV5bxC3ZpvOBOafLaoCf;863587716744;0;0;0;0
798602719515;;;;;"Трансформатор масляный ТМ(Г)-25/6(10)/0,4 / 1000 / С хранения- 1000- С хранения";;;https://static.tildacdn.com/tild3030-3839-4136-b033-313265646230/Group_24.png;400000.0000;;;"Мощность трансформатора:1000;Состояние:С хранения";;NHFmgp1AXArVFxAdSo0P;863587716744;0;0;0;0
696235949458;;;;;"Трансформатор масляный ТМ(Г)-25/6(10)/0,4 / 1000 / Новый- 1000- Новый";;;https://static.tildacdn.com/tild3030-3839-4136-b033-313265646230/Group_24.png;555000.0000;;;"Мощность трансформатора:1000;Состояние:Новый";;IZUDf1dtfYLcDE3f1I9B;863587716744;0;0;0;0
969281018473;;;;;"Трансформатор масляный ТМ(Г)-25/6(10)/0,4 / 1250 / Новый- 1250- Новый";;;https://static.tildacdn.com/tild3030-3839-4136-b033-313265646230/Group_24.png;750000.0000;;;"Мощность трансформатора:1250;Состояние:Новый";;knB77PF3NlagpUnGbadJ;863587716744;0;0;0;0
746183048827;;;;;"Трансформатор масляный ТМ(Г)-25/6(10)/0,4 / 1600 / С хранения- 1600- С хранения";;;https://static.tildacdn.com/tild3030-3839-4136-b033-313265646230/Group_24.png;650000.0000;;;"Мощность трансформатора:1600;Состояние:С хранения";;gjaV2b6knt0kscxMOrvR;863587716744;0;0;0;0
215421051787;;;;;"Трансформатор масляный ТМ(Г)-25/6(10)/0,4 / 1600 / Новый- 1600- Новый";;;https://static.tildacdn.com/tild3030-3839-4136-b033-313265646230/Group_24.png;955000.0000;;;"Мощность трансформатора:1600;Состояние:Новый";;e1BBUTuUKzVLOHVrmrPy;863587716744;0;0;0;0
609561575425;;;;;"Трансформатор масляный ТМ(Г)-25/6(10)/0,4 / 2500 / С хранения- 2500- С хранения";;;https://static.tildacdn.com/tild3030-3839-4136-b033-313265646230/Group_24.png;950000.0000;;;"Мощность трансформатора:2500;Состояние:С хранения";;yha0TMOg1jhcncHPgHeG;863587716744;0;0;0;0
164630965121;;;;;"Трансформатор масляный ТМ(Г)-25/6(10)/0,4 / 2500 / Новый- 2500- Новый";;;https://static.tildacdn.com/tild3030-3839-4136-b033-313265646230/Group_24.png;1490000.0000;;;"Мощность трансформатора:2500;Состояние:Новый";;Zj6vSUjA9xvuFTJPnOHX;863587716744;0;0;0;0
419762565309;;;;Трансформаторы;"Трансформатор масляный ТМ(Г)-100/6(10)/0,4";"Схема соединения обмоток: У/Ун-0, Д/Ун-11";"Силовые понижающие трехфазные двухобмоточные масляные трансформаторы ТМГ на напряжение 6 или 10 кВ предназначены для преобразования электроэнергии в сетях энергетических систем и для снабжения электрической энергией различных потребителей.";https://static.tildacdn.com/tild3535-3761-4666-b635-623531383462/_100.jpg;;;;;;lxSG0Ap1NcbmHuBJBd2Z;;0;0;0;0
484629307970;;;;;"Трансформатор масляный ТМ(Г)-100/6(10)/0,4 / С хранения- 100- С хранения";;;https://static.tildacdn.com/tild3030-3839-4136-b033-313265646230/Group_24.png;80000.0000;;;"Мощность трансформатора:100;Состояние:С хранения";;mov2Hu076ljHikkSbHgU;419762565309;0;0;0;0
131204289485;;;;;"Трансформатор масляный ТМ(Г)-100/6(10)/0,4 / Новый- 100- Новый";;;https://static.tildacdn.com/tild3030-3839-4136-b033-313265646230/Group_24.png;130000.0000;;;"Мощность трансформатора:100;Состояние:Новый";;FFJlVVGFpiVfcbVKY8ma;419762565309;0;0;0;0
762319456375;;;;;"Трансформатор масляный ТМ(Г)-100/6(10)/0,4 / 25 / Новый- 25- Новый";;;https://static.tildacdn.com/tild3030-3839-4136-b033-313265646230/Group_24.png;82000.0000;;;"Мощность трансформатора:25;Состояние:Новый";;xsBKzUZc7lDPIdnPMVyN;419762565309;0;0;0;0
248679038508;;;;;"Трансформатор масляный ТМ(Г)-100/6(10)/0,4 / 25 / С хранения- 25- С хранения";;;https://static.tildacdn.com/tild3030-3839-4136-b033-313265646230/Group_24.png;55000.0000;;;"Мощность трансформатора:25;Состояние:С хранения";;v1Fd7yl3uN591ZucO9Jh;419762565309;0;0;0;0
635633583757;;;;;"Трансформатор масляный ТМ(Г)-100/6(10)/0,4 / 40 / Новый- 40- Новый";;;https://static.tildacdn.com/tild3030-3839-4136-b033-313265646230/Group_24.png;89000.0000;;;"Мощность трансформатора:40;Состояние:Новый";;dflMGEUAbD34ptc5PbB6;419762565309;0;0;0;0
831519322138;;;;;"Трансформатор масляный ТМ(Г)-100/6(10)/0,4 / 40 / С хранения- 40- С хранения";;;https://static.tildacdn.com/tild3030-3839-4136-b033-313265646230/Group_24.png;60000.0000;;;"Мощность трансформатора:40;Состояние:С хранения";;lRMYFAANJz0xhbIVhGz0;419762565309;0;0;0;0
506777368082;;;;;"Трансформатор масляный ТМ(Г)-100/6(10)/0,4 / 63 / Новый- 63- Новый";;;https://static.tildacdn.com/tild3030-3839-4136-b033-313265646230/Group_24.png;105000.0000;;;"Мощность трансформатора:63;Состояние:Новый";;9kDajPkOGlRCjEEzM7ey;419762565309;0;0;0;0
508024963271;;;;;"Трансформатор масляный ТМ(Г)-100/6(10)/0,4 / 63 / С хранения- 63- С хранения";;;https://static.tildacdn.com/tild3030-3839-4136-b033-313265646230/Group_24.png;70000.0000;;;"Мощность трансформатора:63;Состояние:С хранения";;5pyUzDZHHIO9bo0SeULG;419762565309;0;0;0;0
564571254340;;;;;"Трансформатор масляный ТМ(Г)-100/6(10)/0,4 / 160 / Новый- 160- Новый";;;https://static.tildacdn.com/tild3030-3839-4136-b033-313265646230/Group_24.png;165000.0000;;;"Мощность трансформатора:160;Состояние:Новый";;8Ye3iIvf2ho4OVCV5LaO;419762565309;0;0;0;0
662464036927;;;;;"Трансформатор масляный ТМ(Г)-100/6(10)/0,4 / 160 / С хранения- 160- С хранения";;;https://static.tildacdn.com/tild3030-3839-4136-b033-313265646230/Group_24.png;110000.0000;;;"Мощность трансформатора:160;Состояние:С хранения";;uMNEemZ5mBo5PZRU35bF;419762565309;0;0;0;0
238733832534;;;;;"Трансформатор масляный ТМ(Г)-100/6(10)/0,4 / 250 / Новый- 250- Новый";;;https://static.tildacdn.com/tild3030-3839-4136-b033-313265646230/Group_24.png;197000.0000;;;"Мощность трансформатора:250;Состояние:Новый";;9HEyDgLKCUEYme85aEoV;419762565309;0;0;0;0
407143479621;;;;;"Трансформатор масляный ТМ(Г)-100/6(10)/0,4 / 250 / С хранения- 250- С хранения";;;https://static.tildacdn.com/tild3030-3839-4136-b033-313265646230/Group_24.png;130000.0000;;;"Мощность трансформатора:250;Состояние:С хранения";;pddnGEPCgnCJYPLBK0Ck;419762565309;0;0;0;0
391128098640;;;;;"Трансформатор масляный ТМ(Г)-100/6(10)/0,4 / 400 / Новый- 400- Новый";;;https://static.tildacdn.com/tild3030-3839-4136-b033-313265646230/Group_24.png;265000.0000;;;"Мощность трансформатора:400;Состояние:Новый";;tcRFj13dIvKniXLL52T6;419762565309;0;0;0;0
613904518723;;;;;"Трансформатор масляный ТМ(Г)-100/6(10)/0,4 / 400 / С хранения- 400- С хранения";;;https://static.tildacdn.com/tild3030-3839-4136-b033-313265646230/Group_24.png;160000.0000;;;"Мощность трансформатора:400;Состояние:С хранения";;FcrDMyAHHAUZYrKAVu8S;419762565309;0;0;0;0
307148426700;;;;;"Трансформатор масляный ТМ(Г)-100/6(10)/0,4 / 630 / Новый- 630- Новый";;;https://static.tildacdn.com/tild3030-3839-4136-b033-313265646230/Group_24.png;355000.0000;;;"Мощность трансформатора:630;Состояние:Новый";;ShKgoplovVmg8uBl4ZXB;419762565309;0;0;0;0
231580917820;;;;;"Трансформатор масляный ТМ(Г)-100/6(10)/0,4 / 630 / С хранения- 630- С хранения";;;https://static.tildacdn.com/tild3030-3839-4136-b033-313265646230/Group_24.png;250000.0000;;;"Мощность трансформатора:630;Состояние:С хранения";;xV5bxC3ZpvOBOafLaoCf;419762565309;0;0;0;0
110147882369;;;;;"Трансформатор масляный ТМ(Г)-100/6(10)/0,4 / 1000 / Новый- 1000- Новый";;;https://static.tildacdn.com/tild3030-3839-4136-b033-313265646230/Group_24.png;555000.0000;;;"Мощность трансформатора:1000;Состояние:Новый";;NHFmgp1AXArVFxAdSo0P;419762565309;0;0;0;0
934524026779;;;;;"Трансформатор масляный ТМ(Г)-100/6(10)/0,4 / 1000 / С хранения- 1000- С хранения";;;https://static.tildacdn.com/tild3030-3839-4136-b033-313265646230/Group_24.png;400000.0000;;;"Мощность трансформатора:1000;Состояние:С хранения";;IZUDf1dtfYLcDE3f1I9B;419762565309;0;0;0;0
982274063651;;;;;"Трансформатор масляный ТМ(Г)-100/6(10)/0,4 / 1250 / Новый- 1250- Новый";;;https://static.tildacdn.com/tild3030-3839-4136-b033-313265646230/Group_24.png;750000.0000;;;"Мощность трансформатора:1250;Состояние:Новый";;knB77PF3NlagpUnGbadJ;419762565309;0;0;0;0
368841188286;;;;;"Трансформатор масляный ТМ(Г)-100/6(10)/0,4 / 1600 / Новый- 1600- Новый";;;https://static.tildacdn.com/tild3030-3839-4136-b033-313265646230/Group_24.png;955000.0000;;;"Мощность трансформатора:1600;Состояние:Новый";;gjaV2b6knt0kscxMOrvR;419762565309;0;0;0;0
198910869712;;;;;"Трансформатор масляный ТМ(Г)-100/6(10)/0,4 / 1600 / С хранения- 1600- С хранения";;;https://static.tildacdn.com/tild3030-3839-4136-b033-313265646230/Group_24.png;650000.0000;;;"Мощность трансформатора:1600;Состояние:С хранения";;e1BBUTuUKzVLOHVrmrPy;419762565309;0;0;0;0
281256443658;;;;;"Трансформатор масляный ТМ(Г)-100/6(10)/0,4 / 2500 / Новый- 2500- Новый";;;https://static.tildacdn.com/tild3030-3839-4136-b033-313265646230/Group_24.png;1490000.0000;;;"Мощность трансформатора:2500;Состояние:Новый";;yha0TMOg1jhcncHPgHeG;419762565309;0;0;0;0
945033881589;;;;;"Трансформатор масляный ТМ(Г)-100/6(10)/0,4 / 2500 / С хранения- 2500- С хранения";;;https://static.tildacdn.com/tild3030-3839-4136-b033-313265646230/Group_24.png;950000.0000;;;"Мощность трансформатора:2500;Состояние:С хранения";;Zj6vSUjA9xvuFTJPnOHX;419762565309;0;0;0;0
330445504438;;;;Трансформаторы;"Трансформатор масляный ТМ(Г)-160/6(10)/0,4";"Схема соединения обмоток: У/Ун-0, Д/Ун-11";"Силовые понижающие трехфазные двухобмоточные масляные трансформаторы ТМГ на напряжение 6 или 10 кВ предназначены для преобразования электроэнергии в сетях энергетических систем и для снабжения электрической энергией различных потребителей.";https://static.tildacdn.com/tild3030-3839-4136-b033-313265646230/Group_24.png;;;;;;lxSG0Ap1NcbmHuBJBd2Z;;0;0;0;0
956723593409;;;;;"Трансформатор масляный ТМ(Г)-160/6(10)/0,4 / С хранения- 160- С хранения";;;https://static.tildacdn.com/tild3030-3839-4136-b033-313265646230/Group_24.png;110000.0000;;;"Мощность трансформатора:160;Состояние:С хранения";;mov2Hu076ljHikkSbHgU;330445504438;0;0;0;0
246516267135;;;;;"Трансформатор масляный ТМ(Г)-160/6(10)/0,4 / Новый- 160- Новый";;;https://static.tildacdn.com/tild3030-3839-4136-b033-313265646230/Group_24.png;165000.0000;;;"Мощность трансформатора:160;Состояние:Новый";;FFJlVVGFpiVfcbVKY8ma;330445504438;0;0;0;0
270509542296;;;;;"Трансформатор масляный ТМ(Г)-160/6(10)/0,4 / 25 / Новый- 25- Новый";;;https://static.tildacdn.com/tild3030-3839-4136-b033-313265646230/Group_24.png;82000.0000;;;"Мощность трансформатора:25;Состояние:Новый";;8Ye3iIvf2ho4OVCV5LaO;330445504438;0;0;0;0
926549161909;;;;;"Трансформатор масляный ТМ(Г)-160/6(10)/0,4 / 25 / С хранения- 25- С хранения";;;https://static.tildacdn.com/tild3030-3839-4136-b033-313265646230/Group_24.png;55000.0000;;;"Мощность трансформатора:25;Состояние:С хранения";;uMNEemZ5mBo5PZRU35bF;330445504438;0;0;0;0
410166280814;;;;;"Трансформатор масляный ТМ(Г)-160/6(10)/0,4 / 40 / Новый- 40- Новый";;;https://static.tildacdn.com/tild3030-3839-4136-b033-313265646230/Group_24.png;89000.0000;;;"Мощность трансформатора:40;Состояние:Новый";;xsBKzUZc7lDPIdnPMVyN;330445504438;0;0;0;0
261408234602;;;;;"Трансформатор масляный ТМ(Г)-160/6(10)/0,4 / 40 / С хранения- 40- С хранения";;;https://static.tildacdn.com/tild3030-3839-4136-b033-313265646230/Group_24.png;60000.0000;;;"Мощность трансформатора:40;Состояние:С хранения";;v1Fd7yl3uN591ZucO9Jh;330445504438;0;0;0;0
910213122440;;;;;"Трансформатор масляный ТМ(Г)-160/6(10)/0,4 / 63 / Новый- 63- Новый";;;https://static.tildacdn.com/tild3030-3839-4136-b033-313265646230/Group_24.png;105000.0000;;;"Мощность трансформатора:63;Состояние:Новый";;dflMGEUAbD34ptc5PbB6;330445504438;0;0;0;0
760774830325;;;;;"Трансформатор масляный ТМ(Г)-160/6(10)/0,4 / 63 / С хранения- 63- С хранения";;;https://static.tildacdn.com/tild3030-3839-4136-b033-313265646230/Group_24.png;70000.0000;;;"Мощность трансформатора:63;Состояние:С хранения";;lRMYFAANJz0xhbIVhGz0;330445504438;0;0;0;0
500271857534;;;;;"Трансформатор масляный ТМ(Г)-160/6(10)/0,4 / 100 / Новый- 100- Новый";;;https://static.tildacdn.com/tild3030-3839-4136-b033-313265646230/Group_24.png;130000.0000;;;"Мощность трансформатора:100;Состояние:Новый";;9kDajPkOGlRCjEEzM7ey;330445504438;0;0;0;0
760760202602;;;;;"Трансформатор масляный ТМ(Г)-160/6(10)/0,4 / 100 / С хранения- 100- С хранения";;;https://static.tildacdn.com/tild3030-3839-4136-b033-313265646230/Group_24.png;80000.0000;;;"Мощность трансформатора:100;Состояние:С хранения";;5pyUzDZHHIO9bo0SeULG;330445504438;0;0;0;0
175744310350;;;;;"Трансформатор масляный ТМ(Г)-160/6(10)/0,4 / 250 / Новый- 250- Новый";;;https://static.tildacdn.com/tild3030-3839-4136-b033-313265646230/Group_24.png;197000.0000;;;"Мощность трансформатора:250;Состояние:Новый";;9HEyDgLKCUEYme85aEoV;330445504438;0;0;0;0
573635748635;;;;;"Трансформатор масляный ТМ(Г)-160/6(10)/0,4 / 250 / С хранения- 250- С хранения";;;https://static.tildacdn.com/tild3030-3839-4136-b033-313265646230/Group_24.png;130000.0000;;;"Мощность трансформатора:250;Состояние:С хранения";;pddnGEPCgnCJYPLBK0Ck;330445504438;0;0;0;0
551034945297;;;;;"Трансформатор масляный ТМ(Г)-160/6(10)/0,4 / 400 / Новый- 400- Новый";;;https://static.tildacdn.com/tild3030-3839-4136-b033-313265646230/Group_24.png;265000.0000;;;"Мощность трансформатора:400;Состояние:Новый";;tcRFj13dIvKniXLL52T6;330445504438;0;0;0;0
287415449140;;;;;"Трансформатор масляный ТМ(Г)-160/6(10)/0,4 / 400 / С хранения- 400- С хранения";;;https://static.tildacdn.com/tild3030-3839-4136-b033-313265646230/Group_24.png;160000.0000;;;"Мощность трансформатора:400;Состояние:С хранения";;FcrDMyAHHAUZYrKAVu8S;330445504438;0;0;0;0
800264578039;;;;;"Трансформатор масляный ТМ(Г)-160/6(10)/0,4 / 630 / Новый- 630- Новый";;;https://static.tildacdn.com/tild3030-3839-4136-b033-313265646230/Group_24.png;355000.0000;;;"Мощность трансформатора:630;Состояние:Новый";;ShKgoplovVmg8uBl4ZXB;330445504438;0;0;0;0
953146454735;;;;;"Трансформатор масляный ТМ(Г)-160/6(10)/0,4 / 630 / С хранения- 630- С хранения";;;https://static.tildacdn.com/tild3030-3839-4136-b033-313265646230/Group_24.png;250000.0000;;;"Мощность трансформатора:630;Состояние:С хранения";;xV5bxC3ZpvOBOafLaoCf;330445504438;0;0;0;0
827607833385;;;;;"Трансформатор масляный ТМ(Г)-160/6(10)/0,4 / 1000 / Новый- 1000- Новый";;;https://static.tildacdn.com/tild3030-3839-4136-b033-313265646230/Group_24.png;555000.0000;;;"Мощность трансформатора:1000;Состояние:Новый";;NHFmgp1AXArVFxAdSo0P;330445504438;0;0;0;0
311116077342;;;;;"Трансформатор масляный ТМ(Г)-160/6(10)/0,4 / 1000 / С хранения- 1000- С хранения";;;https://static.tildacdn.com/tild3030-3839-4136-b033-313265646230/Group_24.png;400000.0000;;;"Мощность трансформатора:1000;Состояние:С хранения";;IZUDf1dtfYLcDE3f1I9B;330445504438;0;0;0;0
309575632899;;;;;"Трансформатор масляный ТМ(Г)-160/6(10)/0,4 / 1250 / Новый- 1250- Новый";;;https://static.tildacdn.com/tild3030-3839-4136-b033-313265646230/Group_24.png;750000.0000;;;"Мощность трансформатора:1250;Состояние:Новый";;knB77PF3NlagpUnGbadJ;330445504438;0;0;0;0
471771036024;;;;;"Трансформатор масляный ТМ(Г)-160/6(10)/0,4 / 1600 / Новый- 1600- Новый";;;https://static.tildacdn.com/tild3030-3839-4136-b033-313265646230/Group_24.png;955000.0000;;;"Мощность трансформатора:1600;Состояние:Новый";;gjaV2b6knt0kscxMOrvR;330445504438;0;0;0;0
603099908615;;;;;"Трансформатор масляный ТМ(Г)-160/6(10)/0,4 / 1600 / С хранения- 1600- С хранения";;;https://static.tildacdn.com/tild3030-3839-4136-b033-313265646230/Group_24.png;650000.0000;;;"Мощность трансформатора:1600;Состояние:С хранения";;e1BBUTuUKzVLOHVrmrPy;330445504438;0;0;0;0
519096752849;;;;;"Трансформатор масляный ТМ(Г)-160/6(10)/0,4 / 2500 / Новый- 2500- Новый";;;https://static.tildacdn.com/tild3030-3839-4136-b033-313265646230/Group_24.png;1490000.0000;;;"Мощность трансформатора:2500;Состояние:Новый";;yha0TMOg1jhcncHPgHeG;330445504438;0;0;0;0
373253706384;;;;;"Трансформатор масляный ТМ(Г)-160/6(10)/0,4 / 2500 / С хранения- 2500- С хранения";;;https://static.tildacdn.com/tild3030-3839-4136-b033-313265646230/Group_24.png;950000.0000;;;"Мощность трансформатора:2500;Состояние:С хранения";;Zj6vSUjA9xvuFTJPnOHX;330445504438;0;0;0;0
121194684120;;;;Трансформаторы;"Трансформатор масляный ТМ(Г)-250/6(10)/0,4";"Схема соединения обмоток: У/Ун-0, Д/Ун-11";"Силовые понижающие трехфазные двухобмоточные масляные трансформаторы ТМГ на напряжение 6 или 10 кВ предназначены для преобразования электроэнергии в сетях энергетических систем и для снабжения электрической энергией различных потребителей.";https://static.tildacdn.com/tild3030-3839-4136-b033-313265646230/Group_24.png;;;;;;lxSG0Ap1NcbmHuBJBd2Z;;0;0;0;0
654653667790;;;;;"Трансформатор масляный ТМ(Г)-250/6(10)/0,4 / С хранения- 250- С хранения";;;https://static.tildacdn.com/tild3030-3839-4136-b033-313265646230/Group_24.png;130000.0000;;;"Мощность трансформатора:250;Состояние:С хранения";;mov2Hu076ljHikkSbHgU;121194684120;0;0;0;0
351982783206;;;;;"Трансформатор масляный ТМ(Г)-250/6(10)/0,4 / Новый- 250- Новый";;;https://static.tildacdn.com/tild3030-3839-4136-b033-313265646230/Group_24.png;197000.0000;;;"Мощность трансформатора:250;Состояние:Новый";;FFJlVVGFpiVfcbVKY8ma;121194684120;0;0;0;0
373387160869;;;;;"Трансформатор масляный ТМ(Г)-250/6(10)/0,4 / Новый- 25- Новый";;;https://static.tildacdn.com/tild3030-3839-4136-b033-313265646230/Group_24.png;82000.0000;;;"Мощность трансформатора:25;Состояние:Новый";;xsBKzUZc7lDPIdnPMVyN;121194684120;0;0;0;0
374313478226;;;;;"Трансформатор масляный ТМ(Г)-250/6(10)/0,4 / С хранения- 25- С хранения";;;https://static.tildacdn.com/tild3030-3839-4136-b033-313265646230/Group_24.png;55000.0000;;;"Мощность трансформатора:25;Состояние:С хранения";;v1Fd7yl3uN591ZucO9Jh;121194684120;0;0;0;0
876055554379;;;;;"Трансформатор масляный ТМ(Г)-250/6(10)/0,4 / 40 / Новый- 40- Новый";;;https://static.tildacdn.com/tild3030-3839-4136-b033-313265646230/Group_24.png;89000.0000;;;"Мощность трансформатора:40;Состояние:Новый";;dflMGEUAbD34ptc5PbB6;121194684120;0;0;0;0
633634044681;;;;;"Трансформатор масляный ТМ(Г)-250/6(10)/0,4 / 40 / С хранения- 40- С хранения";;;https://static.tildacdn.com/tild3030-3839-4136-b033-313265646230/Group_24.png;60000.0000;;;"Мощность трансформатора:40;Состояние:С хранения";;lRMYFAANJz0xhbIVhGz0;121194684120;0;0;0;0
639466045347;;;;;"Трансформатор масляный ТМ(Г)-250/6(10)/0,4 / 63 / Новый- 63- Новый";;;https://static.tildacdn.com/tild3030-3839-4136-b033-313265646230/Group_24.png;105000.0000;;;"Мощность трансформатора:63;Состояние:Новый";;9kDajPkOGlRCjEEzM7ey;121194684120;0;0;0;0
101064377397;;;;;"Трансформатор масляный ТМ(Г)-250/6(10)/0,4 / 63 / С хранения- 63- С хранения";;;https://static.tildacdn.com/tild3030-3839-4136-b033-313265646230/Group_24.png;70000.0000;;;"Мощность трансформатора:63;Состояние:С хранения";;5pyUzDZHHIO9bo0SeULG;121194684120;0;0;0;0
753805868146;;;;;"Трансформатор масляный ТМ(Г)-250/6(10)/0,4 / 100 / Новый- 100- Новый";;;https://static.tildacdn.com/tild3030-3839-4136-b033-313265646230/Group_24.png;130000.0000;;;"Мощность трансформатора:100;Состояние:Новый";;8Ye3iIvf2ho4OVCV5LaO;121194684120;0;0;0;0
657585052080;;;;;"Трансформатор масляный ТМ(Г)-250/6(10)/0,4 / 100 / С хранения- 100- С хранения";;;https://static.tildacdn.com/tild3030-3839-4136-b033-313265646230/Group_24.png;80000.0000;;;"Мощность трансформатора:100;Состояние:С хранения";;uMNEemZ5mBo5PZRU35bF;121194684120;0;0;0;0
379465798986;;;;;"Трансформатор масляный ТМ(Г)-250/6(10)/0,4 / 160 / Новый- 160- Новый";;;https://static.tildacdn.com/tild3030-3839-4136-b033-313265646230/Group_24.png;165000.0000;;;"Мощность трансформатора:160;Состояние:Новый";;9HEyDgLKCUEYme85aEoV;121194684120;0;0;0;0
673344569212;;;;;"Трансформатор масляный ТМ(Г)-250/6(10)/0,4 / 160 / С хранения- 160- С хранения";;;https://static.tildacdn.com/tild3030-3839-4136-b033-313265646230/Group_24.png;110000.0000;;;"Мощность трансформатора:160;Состояние:С хранения";;pddnGEPCgnCJYPLBK0Ck;121194684120;0;0;0;0
715748419897;;;;;"Трансформатор масляный ТМ(Г)-250/6(10)/0,4 / 400 / Новый- 400- Новый";;;https://static.tildacdn.com/tild3030-3839-4136-b033-313265646230/Group_24.png;265000.0000;;;"Мощность трансформатора:400;Состояние:Новый";;tcRFj13dIvKniXLL52T6;121194684120;0;0;0;0
399095027939;;;;;"Трансформатор масляный ТМ(Г)-250/6(10)/0,4 / 400 / С хранения- 400- С хранения";;;https://static.tildacdn.com/tild3030-3839-4136-b033-313265646230/Group_24.png;160000.0000;;;"Мощность трансформатора:400;Состояние:С хранения";;FcrDMyAHHAUZYrKAVu8S;121194684120;0;0;0;0
272383619904;;;;;"Трансформатор масляный ТМ(Г)-250/6(10)/0,4 / 630 / Новый- 630- Новый";;;https://static.tildacdn.com/tild3030-3839-4136-b033-313265646230/Group_24.png;355000.0000;;;"Мощность трансформатора:630;Состояние:Новый";;ShKgoplovVmg8uBl4ZXB;121194684120;0;0;0;0
351965604351;;;;;"Трансформатор масляный ТМ(Г)-250/6(10)/0,4 / 630 / С хранения- 630- С хранения";;;https://static.tildacdn.com/tild3030-3839-4136-b033-313265646230/Group_24.png;250000.0000;;;"Мощность трансформатора:630;Состояние:С хранения";;xV5bxC3ZpvOBOafLaoCf;121194684120;0;0;0;0
384933462054;;;;;"Трансформатор масляный ТМ(Г)-250/6(10)/0,4 / 1000 / Новый- 1000- Новый";;;https://static.tildacdn.com/tild3030-3839-4136-b033-313265646230/Group_24.png;555000.0000;;;"Мощность трансформатора:1000;Состояние:Новый";;NHFmgp1AXArVFxAdSo0P;121194684120;0;0;0;0
500085520348;;;;;"Трансформатор масляный ТМ(Г)-250/6(10)/0,4 / 1000 / С хранения- 1000- С хранения";;;https://static.tildacdn.com/tild3030-3839-4136-b033-313265646230/Group_24.png;400000.0000;;;"Мощность трансформатора:1000;Состояние:С хранения";;IZUDf1dtfYLcDE3f1I9B;121194684120;0;0;0;0
515432861996;;;;;"Трансформатор масляный ТМ(Г)-250/6(10)/0,4 / 1250 / Новый- 1250- Новый";;;https://static.tildacdn.com/tild3030-3839-4136-b033-313265646230/Group_24.png;750000.0000;;;"Мощность трансформатора:1250;Состояние:Новый";;knB77PF3NlagpUnGbadJ;121194684120;0;0;0;0
501059994664;;;;;"Трансформатор масляный ТМ(Г)-250/6(10)/0,4 / 1600 / Новый- 1600- Новый";;;https://static.tildacdn.com/tild3030-3839-4136-b033-313265646230/Group_24.png;955000.0000;;;"Мощность трансформатора:1600;Состояние:Новый";;gjaV2b6knt0kscxMOrvR;121194684120;0;0;0;0
788012893472;;;;;"Трансформатор масляный ТМ(Г)-250/6(10)/0,4 / 1600 / С хранения- 1600- С хранения";;;https://static.tildacdn.com/tild3030-3839-4136-b033-313265646230/Group_24.png;650000.0000;;;"Мощность трансформатора:1600;Состояние:С хранения";;e1BBUTuUKzVLOHVrmrPy;121194684120;0;0;0;0
767317538656;;;;;"Трансформатор масляный ТМ(Г)-250/6(10)/0,4 / 2500 / Новый- 2500- Новый";;;https://static.tildacdn.com/tild3030-3839-4136-b033-313265646230/Group_24.png;1490000.0000;;;"Мощность трансформатора:2500;Состояние:Новый";;yha0TMOg1jhcncHPgHeG;121194684120;0;0;0;0
991194086704;;;;;"Трансформатор масляный ТМ(Г)-250/6(10)/0,4 / 2500 / С хранения- 2500- С хранения";;;https://static.tildacdn.com/tild3030-3839-4136-b033-313265646230/Group_24.png;950000.0000;;;"Мощность трансформатора:2500;Состояние:С хранения";;Zj6vSUjA9xvuFTJPnOHX;121194684120;0;0;0;0
611528267545;;;;Трансформаторы;"Трансформатор масляный ТМ(Г,Ф)-400/6(10)/0,4";"Схема соединения обмоток: У/Ун-0, Д/Ун-11";"Силовые понижающие трехфазные двухобмоточные масляные трансформаторы ТМГ на напряжение 6 или 10 кВ предназначены для преобразования электроэнергии в сетях энергетических систем и для снабжения электрической энергией различных потребителей.";https://static.tildacdn.com/tild6432-3862-4262-a561-366133663936/_400.jpg;;;;;;lxSG0Ap1NcbmHuBJBd2Z;;0;0;0;0
519772104983;;;;;"Трансформатор масляный ТМ(Г,Ф)-400/6(10)/0,4 / С хранения- 400- С хранения";;;https://static.tildacdn.com/tild3030-3839-4136-b033-313265646230/Group_24.png;160000.0000;;;"Мощность трансформатора:400;Состояние:С хранения";;mov2Hu076ljHikkSbHgU;611528267545;0;0;0;0
686990334318;;;;;"Трансформатор масляный ТМ(Г,Ф)-400/6(10)/0,4 / Новый- 400- Новый";;;https://static.tildacdn.com/tild3030-3839-4136-b033-313265646230/Group_24.png;265000.0000;;;"Мощность трансформатора:400;Состояние:Новый";;FFJlVVGFpiVfcbVKY8ma;611528267545;0;0;0;0
385126671899;;;;;"Трансформатор масляный ТМ(Г,Ф)-400/6(10)/0,4 / Новый- 40- Новый";;;https://static.tildacdn.com/tild3030-3839-4136-b033-313265646230/Group_24.png;89000.0000;;;"Мощность трансформатора:40;Состояние:Новый";;xsBKzUZc7lDPIdnPMVyN;611528267545;0;0;0;0
731820150065;;;;;"Трансформатор масляный ТМ(Г,Ф)-400/6(10)/0,4 / С хранения- 40- С хранения";;;https://static.tildacdn.com/tild3030-3839-4136-b033-313265646230/Group_24.png;60000.0000;;;"Мощность трансформатора:40;Состояние:С хранения";;v1Fd7yl3uN591ZucO9Jh;611528267545;0;0;0;0
853735884751;;;;;"Трансформатор масляный ТМ(Г,Ф)-400/6(10)/0,4 / 63 / Новый- 63- Новый";;;https://static.tildacdn.com/tild3030-3839-4136-b033-313265646230/Group_24.png;105000.0000;;;"Мощность трансформатора:63;Состояние:Новый";;dflMGEUAbD34ptc5PbB6;611528267545;0;0;0;0
442777684631;;;;;"Трансформатор масляный ТМ(Г,Ф)-400/6(10)/0,4 / 63 / С хранения- 63- С хранения";;;https://static.tildacdn.com/tild3030-3839-4136-b033-313265646230/Group_24.png;70000.0000;;;"Мощность трансформатора:63;Состояние:С хранения";;lRMYFAANJz0xhbIVhGz0;611528267545;0;0;0;0
632276035626;;;;;"Трансформатор масляный ТМ(Г,Ф)-400/6(10)/0,4 / 100 / Новый- 100- Новый";;;https://static.tildacdn.com/tild3030-3839-4136-b033-313265646230/Group_24.png;130000.0000;;;"Мощность трансформатора:100;Состояние:Новый";;9kDajPkOGlRCjEEzM7ey;611528267545;0;0;0;0
258724600690;;;;;"Трансформатор масляный ТМ(Г,Ф)-400/6(10)/0,4 / 100 / С хранения- 100- С хранения";;;https://static.tildacdn.com/tild3030-3839-4136-b033-313265646230/Group_24.png;80000.0000;;;"Мощность трансформатора:100;Состояние:С хранения";;5pyUzDZHHIO9bo0SeULG;611528267545;0;0;0;0
843246128941;;;;;"Трансформатор масляный ТМ(Г,Ф)-400/6(10)/0,4 / 160 / Новый- 160- Новый";;;https://static.tildacdn.com/tild3030-3839-4136-b033-313265646230/Group_24.png;165000.0000;;;"Мощность трансформатора:160;Состояние:Новый";;8Ye3iIvf2ho4OVCV5LaO;611528267545;0;0;0;0
312054897380;;;;;"Трансформатор масляный ТМ(Г,Ф)-400/6(10)/0,4 / 160 / С хранения- 160- С хранения";;;https://static.tildacdn.com/tild3030-3839-4136-b033-313265646230/Group_24.png;110000.0000;;;"Мощность трансформатора:160;Состояние:С хранения";;uMNEemZ5mBo5PZRU35bF;611528267545;0;0;0;0
751771346123;;;;;"Трансформатор масляный ТМ(Г,Ф)-400/6(10)/0,4 / 250 / Новый- 250- Новый";;;https://static.tildacdn.com/tild3030-3839-4136-b033-313265646230/Group_24.png;197000.0000;;;"Мощность трансформатора:250;Состояние:Новый";;9HEyDgLKCUEYme85aEoV;611528267545;0;0;0;0
272827379209;;;;;"Трансформатор масляный ТМ(Г,Ф)-400/6(10)/0,4 / 250 / С хранения- 250- С хранения";;;https://static.tildacdn.com/tild3030-3839-4136-b033-313265646230/Group_24.png;130000.0000;;;"Мощность трансформатора:250;Состояние:С хранения";;pddnGEPCgnCJYPLBK0Ck;611528267545;0;0;0;0
336934677768;;;;;"Трансформатор масляный ТМ(Г,Ф)-400/6(10)/0,4 / 25 / Новый- 25- Новый";;;https://static.tildacdn.com/tild3030-3839-4136-b033-313265646230/Group_24.png;82000.0000;;;"Мощность трансформатора:25;Состояние:Новый";;tcRFj13dIvKniXLL52T6;611528267545;0;0;0;0
440192482261;;;;;"Трансформатор масляный ТМ(Г,Ф)-400/6(10)/0,4 / 25 / С хранения- 25- С хранения";;;https://static.tildacdn.com/tild3030-3839-4136-b033-313265646230/Group_24.png;55000.0000;;;"Мощность трансформатора:25;Состояние:С хранения";;FcrDMyAHHAUZYrKAVu8S;611528267545;0;0;0;0
937904911850;;;;;"Трансформатор масляный ТМ(Г,Ф)-400/6(10)/0,4 / 630 / Новый- 630- Новый";;;https://static.tildacdn.com/tild3030-3839-4136-b033-313265646230/Group_24.png;355000.0000;;;"Мощность трансформатора:630;Состояние:Новый";;ShKgoplovVmg8uBl4ZXB;611528267545;0;0;0;0
304368512501;;;;;"Трансформатор масляный ТМ(Г,Ф)-400/6(10)/0,4 / 630 / С хранения- 630- С хранения";;;https://static.tildacdn.com/tild3030-3839-4136-b033-313265646230/Group_24.png;250000.0000;;;"Мощность трансформатора:630;Состояние:С хранения";;xV5bxC3ZpvOBOafLaoCf;611528267545;0;0;0;0
771120545238;;;;;"Трансформатор масляный ТМ(Г,Ф)-400/6(10)/0,4 / 1000 / Новый- 1000- Новый";;;https://static.tildacdn.com/tild3030-3839-4136-b033-313265646230/Group_24.png;555000.0000;;;"Мощность трансформатора:1000;Состояние:Новый";;NHFmgp1AXArVFxAdSo0P;611528267545;0;0;0;0
346927951900;;;;;"Трансформатор масляный ТМ(Г,Ф)-400/6(10)/0,4 / 1000 / С хранения- 1000- С хранения";;;https://static.tildacdn.com/tild3030-3839-4136-b033-313265646230/Group_24.png;400000.0000;;;"Мощность трансформатора:1000;Состояние:С хранения";;IZUDf1dtfYLcDE3f1I9B;611528267545;0;0;0;0
114277790819;;;;;"Трансформатор масляный ТМ(Г,Ф)-400/6(10)/0,4 / 1250 / Новый- 1250- Новый";;;https://static.tildacdn.com/tild3030-3839-4136-b033-313265646230/Group_24.png;750000.0000;;;"Мощность трансформатора:1250;Состояние:Новый";;knB77PF3NlagpUnGbadJ;611528267545;0;0;0;0
104302920331;;;;;"Трансформатор масляный ТМ(Г,Ф)-400/6(10)/0,4 / 1600 / Новый- 1600- Новый";;;https://static.tildacdn.com/tild3030-3839-4136-b033-313265646230/Group_24.png;955000.0000;;;"Мощность трансформатора:1600;Состояние:Новый";;gjaV2b6knt0kscxMOrvR;611528267545;0;0;0;0
358985082585;;;;;"Трансформатор масляный ТМ(Г,Ф)-400/6(10)/0,4 / 1600 / С хранения- 1600- С хранения";;;https://static.tildacdn.com/tild3030-3839-4136-b033-313265646230/Group_24.png;650000.0000;;;"Мощность трансформатора:1600;Состояние:С хранения";;e1BBUTuUKzVLOHVrmrPy;611528267545;0;0;0;0
945449027419;;;;;"Трансформатор масляный ТМ(Г,Ф)-400/6(10)/0,4 / 2500 / Новый- 2500- Новый";;;https://static.tildacdn.com/tild3030-3839-4136-b033-313265646230/Group_24.png;1490000.0000;;;"Мощность трансформатора:2500;Состояние:Новый";;yha0TMOg1jhcncHPgHeG;611528267545;0;0;0;0
490909296612;;;;;"Трансформатор масляный ТМ(Г,Ф)-400/6(10)/0,4 / 2500 / С хранения- 2500- С хранения";;;https://static.tildacdn.com/tild3030-3839-4136-b033-313265646230/Group_24.png;950000.0000;;;"Мощность трансформатора:2500;Состояние:С хранения";;Zj6vSUjA9xvuFTJPnOHX;611528267545;0;0;0;0
150106525741;;;;Трансформаторы;"Трансформатор масляный ТМ(Г,З)-630/6(10)/0,4";"Схема соединения обмоток: У/Ун-0, Д/Ун-11";"Силовые понижающие трехфазные двухобмоточные масляные трансформаторы ТМГ на напряжение 6 или 10 кВ предназначены для преобразования электроэнергии в сетях энергетических систем и для снабжения электрической энергией различных потребителей.";https://static.tildacdn.com/tild3039-3862-4837-b463-303964316663/_630.jpg;;;;;;lxSG0Ap1NcbmHuBJBd2Z;;0;0;0;0
305942129226;;;;;"Трансформатор масляный ТМ(Г,З)-630/6(10)/0,4 / С хранения- 630- С хранения";;;https://static.tildacdn.com/tild3030-3839-4136-b033-313265646230/Group_24.png;250000.0000;;;"Мощность трансформатора:630;Состояние:С хранения";;ShKgoplovVmg8uBl4ZXB;150106525741;0;0;0;0
150699100627;;;;;"Трансформатор масляный ТМ(Г,З)-630/6(10)/0,4 / Новый- 630- Новый";;;https://static.tildacdn.com/tild3030-3839-4136-b033-313265646230/Group_24.png;355000.0000;;;"Мощность трансформатора:630;Состояние:Новый";;xV5bxC3ZpvOBOafLaoCf;150106525741;0;0;0;0
778422225265;;;;;"Трансформатор масляный ТМ(Г,З)-630/6(10)/0,4 / 25 / Новый- 25- Новый";;;https://static.tildacdn.com/tild3030-3839-4136-b033-313265646230/Group_24.png;82000.0000;;;"Мощность трансформатора:25;Состояние:Новый";;mov2Hu076ljHikkSbHgU;150106525741;0;0;0;0
690760842469;;;;;"Трансформатор масляный ТМ(Г,З)-630/6(10)/0,4 / 25 / С хранения- 25- С хранения";;;https://static.tildacdn.com/tild3030-3839-4136-b033-313265646230/Group_24.png;55000.0000;;;"Мощность трансформатора:25;Состояние:С хранения";;FFJlVVGFpiVfcbVKY8ma;150106525741;0;0;0;0
263293658756;;;;;"Трансформатор масляный ТМ(Г,З)-630/6(10)/0,4 / 40 / Новый- 40- Новый";;;https://static.tildacdn.com/tild3030-3839-4136-b033-313265646230/Group_24.png;89000.0000;;;"Мощность трансформатора:40;Состояние:Новый";;xsBKzUZc7lDPIdnPMVyN;150106525741;0;0;0;0
515692374262;;;;;"Трансформатор масляный ТМ(Г,З)-630/6(10)/0,4 / 40 / С хранения- 40- С хранения";;;https://static.tildacdn.com/tild3030-3839-4136-b033-313265646230/Group_24.png;60000.0000;;;"Мощность трансформатора:40;Состояние:С хранения";;v1Fd7yl3uN591ZucO9Jh;150106525741;0;0;0;0
404994984013;;;;;"Трансформатор масляный ТМ(Г,З)-630/6(10)/0,4 / Новый- 63- Новый";;;https://static.tildacdn.com/tild3030-3839-4136-b033-313265646230/Group_24.png;105000.0000;;;"Мощность трансформатора:63;Состояние:Новый";;dflMGEUAbD34ptc5PbB6;150106525741;0;0;0;0
160168329191;;;;;"Трансформатор масляный ТМ(Г,З)-630/6(10)/0,4 / С хранения- 63- С хранения";;;https://static.tildacdn.com/tild3030-3839-4136-b033-313265646230/Group_24.png;70000.0000;;;"Мощность трансформатора:63;Состояние:С хранения";;lRMYFAANJz0xhbIVhGz0;150106525741;0;0;0;0
637651856747;;;;;"Трансформатор масляный ТМ(Г,З)-630/6(10)/0,4 / 100 / Новый- 100- Новый";;;https://static.tildacdn.com/tild3030-3839-4136-b033-313265646230/Group_24.png;130000.0000;;;"Мощность трансформатора:100;Состояние:Новый";;9kDajPkOGlRCjEEzM7ey;150106525741;0;0;0;0
645682051907;;;;;"Трансформатор масляный ТМ(Г,З)-630/6(10)/0,4 / 100 / С хранения- 100- С хранения";;;https://static.tildacdn.com/tild3030-3839-4136-b033-313265646230/Group_24.png;80000.0000;;;"Мощность трансформатора:100;Состояние:С хранения";;5pyUzDZHHIO9bo0SeULG;150106525741;0;0;0;0
734444483358;;;;;"Трансформатор масляный ТМ(Г,З)-630/6(10)/0,4 / 160 / Новый- 160- Новый";;;https://static.tildacdn.com/tild3030-3839-4136-b033-313265646230/Group_24.png;165000.0000;;;"Мощность трансформатора:160;Состояние:Новый";;8Ye3iIvf2ho4OVCV5LaO;150106525741;0;0;0;0
271404284819;;;;;"Трансформатор масляный ТМ(Г,З)-630/6(10)/0,4 / 160 / С хранения- 160- С хранения";;;https://static.tildacdn.com/tild3030-3839-4136-b033-313265646230/Group_24.png;110000.0000;;;"Мощность трансформатора:160;Состояние:С хранения";;uMNEemZ5mBo5PZRU35bF;150106525741;0;0;0;0
501288237018;;;;;"Трансформатор масляный ТМ(Г,З)-630/6(10)/0,4 / 250 / Новый- 250- Новый";;;https://static.tildacdn.com/tild3030-3839-4136-b033-313265646230/Group_24.png;197000.0000;;;"Мощность трансформатора:250;Состояние:Новый";;9HEyDgLKCUEYme85aEoV;150106525741;0;0;0;0
996876583195;;;;;"Трансформатор масляный ТМ(Г,З)-630/6(10)/0,4 / 250 / С хранения- 250- С хранения";;;https://static.tildacdn.com/tild3030-3839-4136-b033-313265646230/Group_24.png;130000.0000;;;"Мощность трансформатора:250;Состояние:С хранения";;pddnGEPCgnCJYPLBK0Ck;150106525741;0;0;0;0
263504153731;;;;;"Трансформатор масляный ТМ(Г,З)-630/6(10)/0,4 / 400 / Новый- 400- Новый";;;https://static.tildacdn.com/tild3030-3839-4136-b033-313265646230/Group_24.png;265000.0000;;;"Мощность трансформатора:400;Состояние:Новый";;tcRFj13dIvKniXLL52T6;150106525741;0;0;0;0
673291682304;;;;;"Трансформатор масляный ТМ(Г,З)-630/6(10)/0,4 / 400 / С хранения- 400- С хранения";;;https://static.tildacdn.com/tild3030-3839-4136-b033-313265646230/Group_24.png;160000.0000;;;"Мощность трансформатора:400;Состояние:С хранения";;FcrDMyAHHAUZYrKAVu8S;150106525741;0;0;0;0
545606961671;;;;;"Трансформатор масляный ТМ(Г,З)-630/6(10)/0,4 / 1000 / Новый- 1000- Новый";;;https://static.tildacdn.com/tild3030-3839-4136-b033-313265646230/Group_24.png;555000.0000;;;"Мощность трансформатора:1000;Состояние:Новый";;NHFmgp1AXArVFxAdSo0P;150106525741;0;0;0;0
137420793773;;;;;"Трансформатор масляный ТМ(Г,З)-630/6(10)/0,4 / 1000 / С хранения- 1000- С хранения";;;https://static.tildacdn.com/tild3030-3839-4136-b033-313265646230/Group_24.png;400000.0000;;;"Мощность трансформатора:1000;Состояние:С хранения";;IZUDf1dtfYLcDE3f1I9B;150106525741;0;0;0;0
694058812184;;;;;"Трансформатор масляный ТМ(Г,З)-630/6(10)/0,4 / 1250 / Новый- 1250- Новый";;;https://static.tildacdn.com/tild3030-3839-4136-b033-313265646230/Group_24.png;750000.0000;;;"Мощность трансформатора:1250;Состояние:Новый";;knB77PF3NlagpUnGbadJ;150106525741;0;0;0;0
839461133520;;;;;"Трансформатор масляный ТМ(Г,З)-630/6(10)/0,4 / 1600 / Новый- 1600- Новый";;;https://static.tildacdn.com/tild3030-3839-4136-b033-313265646230/Group_24.png;955000.0000;;;"Мощность трансформатора:1600;Состояние:Новый";;gjaV2b6knt0kscxMOrvR;150106525741;0;0;0;0
627561077782;;;;;"Трансформатор масляный ТМ(Г,З)-630/6(10)/0,4 / 1600 / С хранения- 1600- С хранения";;;https://static.tildacdn.com/tild3030-3839-4136-b033-313265646230/Group_24.png;650000.0000;;;"Мощность трансформатора:1600;Состояние:С хранения";;e1BBUTuUKzVLOHVrmrPy;150106525741;0;0;0;0
206704166212;;;;;"Трансформатор масляный ТМ(Г,З)-630/6(10)/0,4 / 2500 / Новый- 2500- Новый";;;https://static.tildacdn.com/tild3030-3839-4136-b033-313265646230/Group_24.png;1490000.0000;;;"Мощность трансформатора:2500;Состояние:Новый";;yha0TMOg1jhcncHPgHeG;150106525741;0;0;0;0
636460544719;;;;;"Трансформатор масляный ТМ(Г,З)-630/6(10)/0,4 / 2500 / С хранения- 2500- С хранения";;;https://static.tildacdn.com/tild3030-3839-4136-b033-313265646230/Group_24.png;950000.0000;;;"Мощность трансформатора:2500;Состояние:С хранения";;Zj6vSUjA9xvuFTJPnOHX;150106525741;0;0;0;0
360819276921;;;;Трансформаторы;"Трансформатор масляный ТМ(Г,З)-1000/6(10)/0,4";"Схема соединения обмоток: У/Ун-0, Д/Ун-11";"Силовые понижающие трехфазные двухобмоточные масляные трансформаторы ТМГ на напряжение 6 или 10 кВ предназначены для преобразования электроэнергии в сетях энергетических систем и для снабжения электрической энергией различных потребителей.";https://static.tildacdn.com/tild6364-3835-4531-b039-313864353964/TMG-1000-kVA-6_10_-k.png;;;;;;lxSG0Ap1NcbmHuBJBd2Z;;0;0;0;0
303574357060;;;;;"Трансформатор масляный ТМ(Г,З)-1000/6(10)/0,4 / С хранения- 1000- С хранения";;;https://static.tildacdn.com/tild3030-3839-4136-b033-313265646230/Group_24.png;400000.0000;;;"Мощность трансформатора:1000;Состояние:С хранения";;NHFmgp1AXArVFxAdSo0P;360819276921;0;0;0;0
350998069001;;;;;"Трансформатор масляный ТМ(Г,З)-1000/6(10)/0,4 / Новый- 1000- Новый";;;https://static.tildacdn.com/tild3030-3839-4136-b033-313265646230/Group_24.png;555000.0000;;;"Мощность трансформатора:1000;Состояние:Новый";;IZUDf1dtfYLcDE3f1I9B;360819276921;0;0;0;0
171338950068;;;;;"Трансформатор масляный ТМ(Г,З)-1000/6(10)/0,4 / 25 / Новый- 25- Новый";;;https://static.tildacdn.com/tild3030-3839-4136-b033-313265646230/Group_24.png;82000.0000;;;"Мощность трансформатора:25;Состояние:Новый";;mov2Hu076ljHikkSbHgU;360819276921;0;0;0;0
313154903887;;;;;"Трансформатор масляный ТМ(Г,З)-1000/6(10)/0,4 / 25 / С хранения- 25- С хранения";;;https://static.tildacdn.com/tild3030-3839-4136-b033-313265646230/Group_24.png;55000.0000;;;"Мощность трансформатора:25;Состояние:С хранения";;FFJlVVGFpiVfcbVKY8ma;360819276921;0;0;0;0
260508449769;;;;;"Трансформатор масляный ТМ(Г,З)-1000/6(10)/0,4 / 40 / Новый- 40- Новый";;;https://static.tildacdn.com/tild3030-3839-4136-b033-313265646230/Group_24.png;89000.0000;;;"Мощность трансформатора:40;Состояние:Новый";;xsBKzUZc7lDPIdnPMVyN;360819276921;0;0;0;0
469609162775;;;;;"Трансформатор масляный ТМ(Г,З)-1000/6(10)/0,4 / 40 / С хранения- 40- С хранения";;;https://static.tildacdn.com/tild3030-3839-4136-b033-313265646230/Group_24.png;60000.0000;;;"Мощность трансформатора:40;Состояние:С хранения";;v1Fd7yl3uN591ZucO9Jh;360819276921;0;0;0;0
968628996078;;;;;"Трансформатор масляный ТМ(Г,З)-1000/6(10)/0,4 / 63 / Новый- 63- Новый";;;https://static.tildacdn.com/tild3030-3839-4136-b033-313265646230/Group_24.png;105000.0000;;;"Мощность трансформатора:63;Состояние:Новый";;dflMGEUAbD34ptc5PbB6;360819276921;0;0;0;0
943569363923;;;;;"Трансформатор масляный ТМ(Г,З)-1000/6(10)/0,4 / 63 / С хранения- 63- С хранения";;;https://static.tildacdn.com/tild3030-3839-4136-b033-313265646230/Group_24.png;70000.0000;;;"Мощность трансформатора:63;Состояние:С хранения";;lRMYFAANJz0xhbIVhGz0;360819276921;0;0;0;0
380452055398;;;;;"Трансформатор масляный ТМ(Г,З)-1000/6(10)/0,4 / Новый- 100- Новый";;;https://static.tildacdn.com/tild3030-3839-4136-b033-313265646230/Group_24.png;130000.0000;;;"Мощность трансформатора:100;Состояние:Новый";;9kDajPkOGlRCjEEzM7ey;360819276921;0;0;0;0
128834008007;;;;;"Трансформатор масляный ТМ(Г,З)-1000/6(10)/0,4 / С хранения- 100- С хранения";;;https://static.tildacdn.com/tild3030-3839-4136-b033-313265646230/Group_24.png;80000.0000;;;"Мощность трансформатора:100;Состояние:С хранения";;5pyUzDZHHIO9bo0SeULG;360819276921;0;0;0;0
990713314275;;;;;"Трансформатор масляный ТМ(Г,З)-1000/6(10)/0,4 / 160 / Новый- 160- Новый";;;https://static.tildacdn.com/tild3030-3839-4136-b033-313265646230/Group_24.png;165000.0000;;;"Мощность трансформатора:160;Состояние:Новый";;8Ye3iIvf2ho4OVCV5LaO;360819276921;0;0;0;0
795137625365;;;;;"Трансформатор масляный ТМ(Г,З)-1000/6(10)/0,4 / 160 / С хранения- 160- С хранения";;;https://static.tildacdn.com/tild3030-3839-4136-b033-313265646230/Group_24.png;110000.0000;;;"Мощность трансформатора:160;Состояние:С хранения";;uMNEemZ5mBo5PZRU35bF;360819276921;0;0;0;0
145011894456;;;;;"Трансформатор масляный ТМ(Г,З)-1000/6(10)/0,4 / 250 / Новый- 250- Новый";;;https://static.tildacdn.com/tild3030-3839-4136-b033-313265646230/Group_24.png;197000.0000;;;"Мощность трансформатора:250;Состояние:Новый";;9HEyDgLKCUEYme85aEoV;360819276921;0;0;0;0
492509559112;;;;;"Трансформатор масляный ТМ(Г,З)-1000/6(10)/0,4 / 250 / С хранения- 250- С хранения";;;https://static.tildacdn.com/tild3030-3839-4136-b033-313265646230/Group_24.png;130000.0000;;;"Мощность трансформатора:250;Состояние:С хранения";;pddnGEPCgnCJYPLBK0Ck;360819276921;0;0;0;0
539133615490;;;;;"Трансформатор масляный ТМ(Г,З)-1000/6(10)/0,4 / 400 / Новый- 400- Новый";;;https://static.tildacdn.com/tild3030-3839-4136-b033-313265646230/Group_24.png;265000.0000;;;"Мощность трансформатора:400;Состояние:Новый";;tcRFj13dIvKniXLL52T6;360819276921;0;0;0;0
658817141666;;;;;"Трансформатор масляный ТМ(Г,З)-1000/6(10)/0,4 / 400 / С хранения- 400- С хранения";;;https://static.tildacdn.com/tild3030-3839-4136-b033-313265646230/Group_24.png;160000.0000;;;"Мощность трансформатора:400;Состояние:С хранения";;FcrDMyAHHAUZYrKAVu8S;360819276921;0;0;0;0
892746855730;;;;;"Трансформатор масляный ТМ(Г,З)-1000/6(10)/0,4 / 630 / Новый- 630- Новый";;;https://static.tildacdn.com/tild3030-3839-4136-b033-313265646230/Group_24.png;355000.0000;;;"Мощность трансформатора:630;Состояние:Новый";;ShKgoplovVmg8uBl4ZXB;360819276921;0;0;0;0
740558303007;;;;;"Трансформатор масляный ТМ(Г,З)-1000/6(10)/0,4 / 630 / С хранения- 630- С хранения";;;https://static.tildacdn.com/tild3030-3839-4136-b033-313265646230/Group_24.png;250000.0000;;;"Мощность трансформатора:630;Состояние:С хранения";;xV5bxC3ZpvOBOafLaoCf;360819276921;0;0;0;0
388817612244;;;;;"Трансформатор масляный ТМ(Г,З)-1000/6(10)/0,4 / 1250 / Новый- 1250- Новый";;;https://static.tildacdn.com/tild3030-3839-4136-b033-313265646230/Group_24.png;750000.0000;;;"Мощность трансформатора:1250;Состояние:Новый";;knB77PF3NlagpUnGbadJ;360819276921;0;0;0;0
355369309017;;;;;"Трансформатор масляный ТМ(Г,З)-1000/6(10)/0,4 / 1600 / Новый- 1600- Новый";;;https://static.tildacdn.com/tild3030-3839-4136-b033-313265646230/Group_24.png;955000.0000;;;"Мощность трансформатора:1600;Состояние:Новый";;gjaV2b6knt0kscxMOrvR;360819276921;0;0;0;0
562490629135;;;;;"Трансформатор масляный ТМ(Г,З)-1000/6(10)/0,4 / 1600 / С хранения- 1600- С хранения";;;https://static.tildacdn.com/tild3030-3839-4136-b033-313265646230/Group_24.png;650000.0000;;;"Мощность трансформатора:1600;Состояние:С хранения";;e1BBUTuUKzVLOHVrmrPy;360819276921;0;0;0;0
982112732207;;;;;"Трансформатор масляный ТМ(Г,З)-1000/6(10)/0,4 / 2500 / Новый- 2500- Новый";;;https://static.tildacdn.com/tild3030-3839-4136-b033-313265646230/Group_24.png;1490000.0000;;;"Мощность трансформатора:2500;Состояние:Новый";;yha0TMOg1jhcncHPgHeG;360819276921;0;0;0;0
795408754749;;;;;"Трансформатор масляный ТМ(Г,З)-1000/6(10)/0,4 / 2500 / С хранения- 2500- С хранения";;;https://static.tildacdn.com/tild3030-3839-4136-b033-313265646230/Group_24.png;950000.0000;;;"Мощность трансформатора:2500;Состояние:С хранения";;Zj6vSUjA9xvuFTJPnOHX;360819276921;0;0;0;0
235815221628;;;;"Комплектные трансформаторные подстанции";"Мачтовые КТП";;;https://static.tildacdn.com/tild6464-6563-4164-b462-386534653231/stp.jpg;80000.0000;;;;;yGuOBA4PyCEZduTFvg23;;0;0;0;0
995194384731;;;;"Комплектные трансформаторные подстанции";"Столбовые КТП";;;https://static.tildacdn.com/tild3330-6462-4664-b438-386431663262/_2.png;;;;;;53neypc0v076dxRKyOY4;;0;0;0;0
967081778018;;;;;"Столбовые КТП / Один столб- Один столб";;;https://static.tildacdn.com/tild3330-6462-4664-b438-386431663262/_2.png;80000.0000;;;"Выберите исполнение:Один столб";;nVzsDFLFFXeKyimLevrp;995194384731;0;0;0;0
146287898633;;;;;"Столбовые КТП / Два столба- Два столба";;;https://static.tildacdn.com/tild6239-3436-4262-b163-366638363364/1-2.jpg;95000.0000;;;"Выберите исполнение:Два столба";;3FUz4D7E6tXtRZtp2pAI;995194384731;0;0;0;0
515606297703;;;;"Комплектные трансформаторные подстанции";"Киосковые КТП";;;https://static.tildacdn.com/tild3931-6230-4465-a536-383938393338/KTP.jpg;;;;;;OTOfsXCiPeO0eMjjELPd;;0;0;0;0
936715425242;;;;;"Киосковые КТП / Тупиковые / С разъединителем (ВНА, РВЗ) по стороне ВН- Тупиковые- С разъединителем (ВНА, РВЗ) по стороне ВН";;;https://static.tildacdn.com/tild3931-6230-4465-a536-383938393338/KTP.jpg;180000.0000;;;"Выберите исполнение:Тупиковые;Тип исполнения:С разъединителем (ВНА, РВЗ) по стороне ВН";;c1yRHkSP9g7ue0NiAM69;515606297703;0;0;0;0
785730625817;;;;;"Киосковые КТП / Тупиковые / Без разъединителя (ВНА, РВЗ) по стороне ВН- Тупиковые- Без разъединителя (ВНА, РВЗ) по стороне ВН";;;https://static.tildacdn.com/tild3931-6230-4465-a536-383938393338/KTP.jpg;150000.0000;;;"Выберите исполнение:Тупиковые;Тип исполнения:Без разъединителя (ВНА, РВЗ) по стороне ВН";;2sJhgDipfKfTi3rOSb6M;515606297703;0;0;0;0
345623351261;;;;;"Киосковые КТП / Проходные / Базовое исполнение- Проходные- Базовое исполнение";;;https://static.tildacdn.com/tild3931-6230-4465-a536-383938393338/KTP.jpg;240000.0000;;;"Выберите исполнение:Проходные;Тип исполнения:Базовое исполнение";;8MNHKpFrPAYSrrEjfeBi;515606297703;0;0;0;0
193773550507;;;;;"Киосковые КТП / 2 КТП / Тупиковые- 2 КТП- Тупиковые";;;https://static.tildacdn.com/tild3931-6230-4465-a536-383938393338/KTP.jpg;450000.0000;;;"Выберите исполнение:2 КТП;Тип исполнения:Тупиковые";;byzsdDmm3ZMer5iNtKnF;515606297703;0;0;0;0
774669367615;;;;;"Киосковые КТП / 2 КТП / Проходные- 2 КТП- Проходные";;;https://static.tildacdn.com/tild3931-6230-4465-a536-383938393338/KTP.jpg;600000.0000;;;"Выберите исполнение:2 КТП;Тип исполнения:Проходные";;56HR0MrbKZfG9dDbje4a;515606297703;0;0;0;0
659611831352;;;;Трансформаторы;"Трансформатор масляный ТМ(Г)-63/6(10)/0,4";"Схема соединения обмоток: У/Ун-0, Д/Ун-11";"Силовые понижающие трехфазные двухобмоточные масляные трансформаторы ТМГ на напряжение 6 или 10 кВ предназначены для преобразования электроэнергии в сетях энергетических систем и для снабжения электрической энергией различных потребителей.";https://static.tildacdn.com/tild6662-6565-4532-b733-303230343733/_25.jpg;;;;;;lxSG0Ap1NcbmHuBJBd2Z;;0;0;0;0
691041774052;;;;;"Трансформатор масляный ТМ(Г)-63/6(10)/0,4 / С хранения- 63- С хранения";;;https://static.tildacdn.com/tild3030-3839-4136-b033-313265646230/Group_24.png;70000.0000;;;"Мощность трансформатора:63;Состояние:С хранения";;mov2Hu076ljHikkSbHgU;659611831352;0;0;0;0
742417301519;;;;;"Трансформатор масляный ТМ(Г)-63/6(10)/0,4 / Новый- 63- Новый";;;https://static.tildacdn.com/tild3030-3839-4136-b033-313265646230/Group_24.png;105000.0000;;;"Мощность трансформатора:63;Состояние:Новый";;FFJlVVGFpiVfcbVKY8ma;659611831352;0;0;0;0
855314380876;;;;;"Трансформатор масляный ТМ(Г)-63/6(10)/0,4 / 25 / Новый- 25- Новый";;;https://static.tildacdn.com/tild3030-3839-4136-b033-313265646230/Group_24.png;82000.0000;;;"Мощность трансформатора:25;Состояние:Новый";;xsBKzUZc7lDPIdnPMVyN;659611831352;0;0;0;0
155919978817;;;;;"Трансформатор масляный ТМ(Г)-63/6(10)/0,4 / 25 / С хранения- 25- С хранения";;;https://static.tildacdn.com/tild3030-3839-4136-b033-313265646230/Group_24.png;55000.0000;;;"Мощность трансформатора:25;Состояние:С хранения";;v1Fd7yl3uN591ZucO9Jh;659611831352;0;0;0;0
129405578051;;;;;"Трансформатор масляный ТМ(Г)-63/6(10)/0,4 / 40 / Новый- 40- Новый";;;https://static.tildacdn.com/tild3030-3839-4136-b033-313265646230/Group_24.png;89000.0000;;;"Мощность трансформатора:40;Состояние:Новый";;dflMGEUAbD34ptc5PbB6;659611831352;0;0;0;0
991009669678;;;;;"Трансформатор масляный ТМ(Г)-63/6(10)/0,4 / 40 / С хранения- 40- С хранения";;;https://static.tildacdn.com/tild3030-3839-4136-b033-313265646230/Group_24.png;60000.0000;;;"Мощность трансформатора:40;Состояние:С хранения";;lRMYFAANJz0xhbIVhGz0;659611831352;0;0;0;0
664146337431;;;;;"Трансформатор масляный ТМ(Г)-63/6(10)/0,4 / 100 / Новый- 100- Новый";;;https://static.tildacdn.com/tild3030-3839-4136-b033-313265646230/Group_24.png;130000.0000;;;"Мощность трансформатора:100;Состояние:Новый";;9kDajPkOGlRCjEEzM7ey;659611831352;0;0;0;0
611318315762;;;;;"Трансформатор масляный ТМ(Г)-63/6(10)/0,4 / 100 / С хранения- 100- С хранения";;;https://static.tildacdn.com/tild3030-3839-4136-b033-313265646230/Group_24.png;80000.0000;;;"Мощность трансформатора:100;Состояние:С хранения";;5pyUzDZHHIO9bo0SeULG;659611831352;0;0;0;0
993982297611;;;;;"Трансформатор масляный ТМ(Г)-63/6(10)/0,4 / 160 / Новый- 160- Новый";;;https://static.tildacdn.com/tild3030-3839-4136-b033-313265646230/Group_24.png;165000.0000;;;"Мощность трансформатора:160;Состояние:Новый";;8Ye3iIvf2ho4OVCV5LaO;659611831352;0;0;0;0
542214754022;;;;;"Трансформатор масляный ТМ(Г)-63/6(10)/0,4 / 160 / С хранения- 160- С хранения";;;https://static.tildacdn.com/tild3030-3839-4136-b033-313265646230/Group_24.png;110000.0000;;;"Мощность трансформатора:160;Состояние:С хранения";;uMNEemZ5mBo5PZRU35bF;659611831352;0;0;0;0
510680198192;;;;;"Трансформатор масляный ТМ(Г)-63/6(10)/0,4 / 250 / Новый- 250- Новый";;;https://static.tildacdn.com/tild3030-3839-4136-b033-313265646230/Group_24.png;197000.0000;;;"Мощность трансформатора:250;Состояние:Новый";;9HEyDgLKCUEYme85aEoV;659611831352;0;0;0;0
158323102825;;;;;"Трансформатор масляный ТМ(Г)-63/6(10)/0,4 / 250 / С хранения- 250- С хранения";;;https://static.tildacdn.com/tild3030-3839-4136-b033-313265646230/Group_24.png;130000.0000;;;"Мощность трансформатора:250;Состояние:С хранения";;pddnGEPCgnCJYPLBK0Ck;659611831352;0;0;0;0
670655592258;;;;;"Трансформатор масляный ТМ(Г)-63/6(10)/0,4 / 400 / Новый- 400- Новый";;;https://static.tildacdn.com/tild3030-3839-4136-b033-313265646230/Group_24.png;265000.0000;;;"Мощность трансформатора:400;Состояние:Новый";;tcRFj13dIvKniXLL52T6;659611831352;0;0;0;0
201851119259;;;;;"Трансформатор масляный ТМ(Г)-63/6(10)/0,4 / 400 / С хранения- 400- С хранения";;;https://static.tildacdn.com/tild3030-3839-4136-b033-313265646230/Group_24.png;160000.0000;;;"Мощность трансформатора:400;Состояние:С хранения";;FcrDMyAHHAUZYrKAVu8S;659611831352;0;0;0;0
836558757786;;;;;"Трансформатор масляный ТМ(Г)-63/6(10)/0,4 / 630 / Новый- 630- Новый";;;https://static.tildacdn.com/tild3030-3839-4136-b033-313265646230/Group_24.png;355000.0000;;;"Мощность трансформатора:630;Состояние:Новый";;ShKgoplovVmg8uBl4ZXB;659611831352;0;0;0;0
634632542148;;;;;"Трансформатор масляный ТМ(Г)-63/6(10)/0,4 / 630 / С хранения- 630- С хранения";;;https://static.tildacdn.com/tild3030-3839-4136-b033-313265646230/Group_24.png;250000.0000;;;"Мощность трансформатора:630;Состояние:С хранения";;xV5bxC3ZpvOBOafLaoCf;659611831352;0;0;0;0
266573539571;;;;;"Трансформатор масляный ТМ(Г)-63/6(10)/0,4 / 1000 / Новый- 1000- Новый";;;https://static.tildacdn.com/tild3030-3839-4136-b033-313265646230/Group_24.png;555000.0000;;;"Мощность трансформатора:1000;Состояние:Новый";;NHFmgp1AXArVFxAdSo0P;659611831352;0;0;0;0
998611165091;;;;;"Трансформатор масляный ТМ(Г)-63/6(10)/0,4 / 1000 / С хранения- 1000- С хранения";;;https://static.tildacdn.com/tild3030-3839-4136-b033-313265646230/Group_24.png;400000.0000;;;"Мощность трансформатора:1000;Состояние:С хранения";;IZUDf1dtfYLcDE3f1I9B;659611831352;0;0;0;0
612846309657;;;;;"Трансформатор масляный ТМ(Г)-63/6(10)/0,4 / 1250 / Новый- 1250- Новый";;;https://static.tildacdn.com/tild3030-3839-4136-b033-313265646230/Group_24.png;750000.0000;;;"Мощность трансформатора:1250;Состояние:Новый";;knB77PF3NlagpUnGbadJ;659611831352;0;0;0;0
640467814770;;;;;"Трансформатор масляный ТМ(Г)-63/6(10)/0,4 / 1600 / Новый- 1600- Новый";;;https://static.tildacdn.com/tild3030-3839-4136-b033-313265646230/Group_24.png;955000.0000;;;"Мощность трансформатора:1600;Состояние:Новый";;gjaV2b6knt0kscxMOrvR;659611831352;0;0;0;0
452726574109;;;;;"Трансформатор масляный ТМ(Г)-63/6(10)/0,4 / 1600 / С хранения- 1600- С хранения";;;https://static.tildacdn.com/tild3030-3839-4136-b033-313265646230/Group_24.png;650000.0000;;;"Мощность трансформатора:1600;Состояние:С хранения";;e1BBUTuUKzVLOHVrmrPy;659611831352;0;0;0;0
213060780956;;;;;"Трансформатор масляный ТМ(Г)-63/6(10)/0,4 / 2500 / Новый- 2500- Новый";;;https://static.tildacdn.com/tild3030-3839-4136-b033-313265646230/Group_24.png;1490000.0000;;;"Мощность трансформатора:2500;Состояние:Новый";;yha0TMOg1jhcncHPgHeG;659611831352;0;0;0;0
342164585085;;;;;"Трансформатор масляный ТМ(Г)-63/6(10)/0,4 / 2500 / С хранения- 2500- С хранения";;;https://static.tildacdn.com/tild3030-3839-4136-b033-313265646230/Group_24.png;950000.0000;;;"Мощность трансформатора:2500;Состояние:С хранения";;Zj6vSUjA9xvuFTJPnOHX;659611831352;0;0;0;0
551763859631;;;;Трансформаторы;"Трансформатор масляный ТМГ-1250/6(10)/0,4";"Схема соединения обмоток: У/Ун-0, Д/Ун-11";"Силовые понижающие трехфазные двухобмоточные масляные трансформаторы ТМГ на напряжение 6 или 10 кВ предназначены для преобразования электроэнергии в сетях энергетических систем и для снабжения электрической энергией различных потребителей.";https://static.tildacdn.com/tild3038-3434-4134-a462-303961323737/_1600.jpg;;;;;;lxSG0Ap1NcbmHuBJBd2Z;;0;0;0;0
261531091894;;;;;"Трансформатор масляный ТМГ-1250/6(10)/0,4 / Новый- 1250- Новый";;;https://static.tildacdn.com/tild3030-3839-4136-b033-313265646230/Group_24.png;750000.0000;;;"Мощность трансформатора:1250;Состояние:Новый";;knB77PF3NlagpUnGbadJ;551763859631;0;0;0;0
599742916198;;;;;"Трансформатор масляный ТМГ-1250/6(10)/0,4 / Новый- 25- Новый";;;https://static.tildacdn.com/tild3030-3839-4136-b033-313265646230/Group_24.png;82000.0000;;;"Мощность трансформатора:25;Состояние:Новый";;mov2Hu076ljHikkSbHgU;551763859631;0;0;0;0
732980771657;;;;;"Трансформатор масляный ТМГ-1250/6(10)/0,4 / С хранения- 25- С хранения";;;https://static.tildacdn.com/tild3030-3839-4136-b033-313265646230/Group_24.png;55000.0000;;;"Мощность трансформатора:25;Состояние:С хранения";;FFJlVVGFpiVfcbVKY8ma;551763859631;0;0;0;0
967039709518;;;;;"Трансформатор масляный ТМГ-1250/6(10)/0,4 / 40 / Новый- 40- Новый";;;https://static.tildacdn.com/tild3030-3839-4136-b033-313265646230/Group_24.png;89000.0000;;;"Мощность трансформатора:40;Состояние:Новый";;xsBKzUZc7lDPIdnPMVyN;551763859631;0;0;0;0
191651044183;;;;;"Трансформатор масляный ТМГ-1250/6(10)/0,4 / 40 / С хранения- 40- С хранения";;;https://static.tildacdn.com/tild3030-3839-4136-b033-313265646230/Group_24.png;60000.0000;;;"Мощность трансформатора:40;Состояние:С хранения";;v1Fd7yl3uN591ZucO9Jh;551763859631;0;0;0;0
584292773977;;;;;"Трансформатор масляный ТМГ-1250/6(10)/0,4 / 63 / Новый- 63- Новый";;;https://static.tildacdn.com/tild3030-3839-4136-b033-313265646230/Group_24.png;105000.0000;;;"Мощность трансформатора:63;Состояние:Новый";;dflMGEUAbD34ptc5PbB6;551763859631;0;0;0;0
729336960868;;;;;"Трансформатор масляный ТМГ-1250/6(10)/0,4 / 63 / С хранения- 63- С хранения";;;https://static.tildacdn.com/tild3030-3839-4136-b033-313265646230/Group_24.png;70000.0000;;;"Мощность трансформатора:63;Состояние:С хранения";;lRMYFAANJz0xhbIVhGz0;551763859631;0;0;0;0
336320439301;;;;;"Трансформатор масляный ТМГ-1250/6(10)/0,4 / 100 / Новый- 100- Новый";;;https://static.tildacdn.com/tild3030-3839-4136-b033-313265646230/Group_24.png;130000.0000;;;"Мощность трансформатора:100;Состояние:Новый";;9kDajPkOGlRCjEEzM7ey;551763859631;0;0;0;0
250033153449;;;;;"Трансформатор масляный ТМГ-1250/6(10)/0,4 / 100 / С хранения- 100- С хранения";;;https://static.tildacdn.com/tild3030-3839-4136-b033-313265646230/Group_24.png;80000.0000;;;"Мощность трансформатора:100;Состояние:С хранения";;5pyUzDZHHIO9bo0SeULG;551763859631;0;0;0;0
125998255501;;;;;"Трансформатор масляный ТМГ-1250/6(10)/0,4 / 160 / Новый- 160- Новый";;;https://static.tildacdn.com/tild3030-3839-4136-b033-313265646230/Group_24.png;165000.0000;;;"Мощность трансформатора:160;Состояние:Новый";;8Ye3iIvf2ho4OVCV5LaO;551763859631;0;0;0;0
595861004179;;;;;"Трансформатор масляный ТМГ-1250/6(10)/0,4 / 160 / С хранения- 160- С хранения";;;https://static.tildacdn.com/tild3030-3839-4136-b033-313265646230/Group_24.png;110000.0000;;;"Мощность трансформатора:160;Состояние:С хранения";;uMNEemZ5mBo5PZRU35bF;551763859631;0;0;0;0
765042526164;;;;;"Трансформатор масляный ТМГ-1250/6(10)/0,4 / Новый- 250- Новый";;;https://static.tildacdn.com/tild3030-3839-4136-b033-313265646230/Group_24.png;197000.0000;;;"Мощность трансформатора:250;Состояние:Новый";;9HEyDgLKCUEYme85aEoV;551763859631;0;0;0;0
916501378248;;;;;"Трансформатор масляный ТМГ-1250/6(10)/0,4 / С хранения- 250- С хранения";;;https://static.tildacdn.com/tild3030-3839-4136-b033-313265646230/Group_24.png;130000.0000;;;"Мощность трансформатора:250;Состояние:С хранения";;pddnGEPCgnCJYPLBK0Ck;551763859631;0;0;0;0
471198442110;;;;;"Трансформатор масляный ТМГ-1250/6(10)/0,4 / 400 / Новый- 400- Новый";;;https://static.tildacdn.com/tild3030-3839-4136-b033-313265646230/Group_24.png;265000.0000;;;"Мощность трансформатора:400;Состояние:Новый";;tcRFj13dIvKniXLL52T6;551763859631;0;0;0;0
672357557130;;;;;"Трансформатор масляный ТМГ-1250/6(10)/0,4 / 400 / С хранения- 400- С хранения";;;https://static.tildacdn.com/tild3030-3839-4136-b033-313265646230/Group_24.png;160000.0000;;;"Мощность трансформатора:400;Состояние:С хранения";;FcrDMyAHHAUZYrKAVu8S;551763859631;0;0;0;0
907823236911;;;;;"Трансформатор масляный ТМГ-1250/6(10)/0,4 / 630 / Новый- 630- Новый";;;https://static.tildacdn.com/tild3030-3839-4136-b033-313265646230/Group_24.png;355000.0000;;;"Мощность трансформатора:630;Состояние:Новый";;ShKgoplovVmg8uBl4ZXB;551763859631;0;0;0;0
402438482448;;;;;"Трансформатор масляный ТМГ-1250/6(10)/0,4 / 630 / С хранения- 630- С хранения";;;https://static.tildacdn.com/tild3030-3839-4136-b033-313265646230/Group_24.png;250000.0000;;;"Мощность трансформатора:630;Состояние:С хранения";;xV5bxC3ZpvOBOafLaoCf;551763859631;0;0;0;0
175490145434;;;;;"Трансформатор масляный ТМГ-1250/6(10)/0,4 / 1000 / Новый- 1000- Новый";;;https://static.tildacdn.com/tild3030-3839-4136-b033-313265646230/Group_24.png;555000.0000;;;"Мощность трансформатора:1000;Состояние:Новый";;NHFmgp1AXArVFxAdSo0P;551763859631;0;0;0;0
833892656537;;;;;"Трансформатор масляный ТМГ-1250/6(10)/0,4 / 1000 / С хранения- 1000- С хранения";;;https://static.tildacdn.com/tild3030-3839-4136-b033-313265646230/Group_24.png;400000.0000;;;"Мощность трансформатора:1000;Состояние:С хранения";;IZUDf1dtfYLcDE3f1I9B;551763859631;0;0;0;0
467708185924;;;;;"Трансформатор масляный ТМГ-1250/6(10)/0,4 / 1600 / Новый- 1600- Новый";;;https://static.tildacdn.com/tild3030-3839-4136-b033-313265646230/Group_24.png;955000.0000;;;"Мощность трансформатора:1600;Состояние:Новый";;gjaV2b6knt0kscxMOrvR;551763859631;0;0;0;0
586471603431;;;;;"Трансформатор масляный ТМГ-1250/6(10)/0,4 / 1600 / С хранения- 1600- С хранения";;;https://static.tildacdn.com/tild3030-3839-4136-b033-313265646230/Group_24.png;650000.0000;;;"Мощность трансформатора:1600;Состояние:С хранения";;e1BBUTuUKzVLOHVrmrPy;551763859631;0;0;0;0
398130757056;;;;;"Трансформатор масляный ТМГ-1250/6(10)/0,4 / 2500 / Новый- 2500- Новый";;;https://static.tildacdn.com/tild3030-3839-4136-b033-313265646230/Group_24.png;1490000.0000;;;"Мощность трансформатора:2500;Состояние:Новый";;yha0TMOg1jhcncHPgHeG;551763859631;0;0;0;0
432964997310;;;;;"Трансформатор масляный ТМГ-1250/6(10)/0,4 / 2500 / С хранения- 2500- С хранения";;;https://static.tildacdn.com/tild3030-3839-4136-b033-313265646230/Group_24.png;950000.0000;;;"Мощность трансформатора:2500;Состояние:С хранения";;Zj6vSUjA9xvuFTJPnOHX;551763859631;0;0;0;0
138321259636;;;;Трансформаторы;"Трансформатор масляный ТМ(Г,З)-1600/6(10)/0,4";"Схема соединения обмоток: У/Ун-0, Д/Ун-11";"Силовые понижающие трехфазные двухобмоточные масляные трансформаторы ТМГ на напряжение 6 или 10 кВ предназначены для преобразования электроэнергии в сетях энергетических систем и для снабжения электрической энергией различных потребителей.";https://static.tildacdn.com/tild3139-3466-4139-a132-613439323532/_1600.jpg;;;;;;lxSG0Ap1NcbmHuBJBd2Z;;0;0;0;0
281442858107;;;;;"Трансформатор масляный ТМ(Г,З)-1600/6(10)/0,4 / С хранения- 1600- С хранения";;;https://static.tildacdn.com/tild3030-3839-4136-b033-313265646230/Group_24.png;650000.0000;;;"Мощность трансформатора:1600;Состояние:С хранения";;gjaV2b6knt0kscxMOrvR;138321259636;0;0;0;0
123128683142;;;;;"Трансформатор масляный ТМ(Г,З)-1600/6(10)/0,4 / Новый- 1600- Новый";;;https://static.tildacdn.com/tild3030-3839-4136-b033-313265646230/Group_24.png;955000.0000;;;"Мощность трансформатора:1600;Состояние:Новый";;e1BBUTuUKzVLOHVrmrPy;138321259636;0;0;0;0
409779193905;;;;;"Трансформатор масляный ТМ(Г,З)-1600/6(10)/0,4 / 25 / Новый- 25- Новый";;;https://static.tildacdn.com/tild3030-3839-4136-b033-313265646230/Group_24.png;82000.0000;;;"Мощность трансформатора:25;Состояние:Новый";;mov2Hu076ljHikkSbHgU;138321259636;0;0;0;0
978188220246;;;;;"Трансформатор масляный ТМ(Г,З)-1600/6(10)/0,4 / 25 / С хранения- 25- С хранения";;;https://static.tildacdn.com/tild3030-3839-4136-b033-313265646230/Group_24.png;55000.0000;;;"Мощность трансформатора:25;Состояние:С хранения";;FFJlVVGFpiVfcbVKY8ma;138321259636;0;0;0;0
264005927333;;;;;"Трансформатор масляный ТМ(Г,З)-1600/6(10)/0,4 / 40 / Новый- 40- Новый";;;https://static.tildacdn.com/tild3030-3839-4136-b033-313265646230/Group_24.png;89000.0000;;;"Мощность трансформатора:40;Состояние:Новый";;xsBKzUZc7lDPIdnPMVyN;138321259636;0;0;0;0
918608810249;;;;;"Трансформатор масляный ТМ(Г,З)-1600/6(10)/0,4 / 40 / С хранения- 40- С хранения";;;https://static.tildacdn.com/tild3030-3839-4136-b033-313265646230/Group_24.png;60000.0000;;;"Мощность трансформатора:40;Состояние:С хранения";;v1Fd7yl3uN591ZucO9Jh;138321259636;0;0;0;0
768601025511;;;;;"Трансформатор масляный ТМ(Г,З)-1600/6(10)/0,4 / 63 / Новый- 63- Новый";;;https://static.tildacdn.com/tild3030-3839-4136-b033-313265646230/Group_24.png;105000.0000;;;"Мощность трансформатора:63;Состояние:Новый";;dflMGEUAbD34ptc5PbB6;138321259636;0;0;0;0
183878128835;;;;;"Трансформатор масляный ТМ(Г,З)-1600/6(10)/0,4 / 63 / С хранения- 63- С хранения";;;https://static.tildacdn.com/tild3030-3839-4136-b033-313265646230/Group_24.png;70000.0000;;;"Мощность трансформатора:63;Состояние:С хранения";;lRMYFAANJz0xhbIVhGz0;138321259636;0;0;0;0
814943381046;;;;;"Трансформатор масляный ТМ(Г,З)-1600/6(10)/0,4 / 100 / Новый- 100- Новый";;;https://static.tildacdn.com/tild3030-3839-4136-b033-313265646230/Group_24.png;130000.0000;;;"Мощность трансформатора:100;Состояние:Новый";;9kDajPkOGlRCjEEzM7ey;138321259636;0;0;0;0
529137175057;;;;;"Трансформатор масляный ТМ(Г,З)-1600/6(10)/0,4 / 100 / С хранения- 100- С хранения";;;https://static.tildacdn.com/tild3030-3839-4136-b033-313265646230/Group_24.png;80000.0000;;;"Мощность трансформатора:100;Состояние:С хранения";;5pyUzDZHHIO9bo0SeULG;138321259636;0;0;0;0
427940325797;;;;;"Трансформатор масляный ТМ(Г,З)-1600/6(10)/0,4 / Новый- 160- Новый";;;https://static.tildacdn.com/tild3030-3839-4136-b033-313265646230/Group_24.png;165000.0000;;;"Мощность трансформатора:160;Состояние:Новый";;8Ye3iIvf2ho4OVCV5LaO;138321259636;0;0;0;0
308950468393;;;;;"Трансформатор масляный ТМ(Г,З)-1600/6(10)/0,4 / С хранения- 160- С хранения";;;https://static.tildacdn.com/tild3030-3839-4136-b033-313265646230/Group_24.png;110000.0000;;;"Мощность трансформатора:160;Состояние:С хранения";;uMNEemZ5mBo5PZRU35bF;138321259636;0;0;0;0
758079521494;;;;;"Трансформатор масляный ТМ(Г,З)-1600/6(10)/0,4 / 250 / Новый- 250- Новый";;;https://static.tildacdn.com/tild3030-3839-4136-b033-313265646230/Group_24.png;197000.0000;;;"Мощность трансформатора:250;Состояние:Новый";;9HEyDgLKCUEYme85aEoV;138321259636;0;0;0;0
890789602547;;;;;"Трансформатор масляный ТМ(Г,З)-1600/6(10)/0,4 / 250 / С хранения- 250- С хранения";;;https://static.tildacdn.com/tild3030-3839-4136-b033-313265646230/Group_24.png;130000.0000;;;"Мощность трансформатора:250;Состояние:С хранения";;pddnGEPCgnCJYPLBK0Ck;138321259636;0;0;0;0
191003744939;;;;;"Трансформатор масляный ТМ(Г,З)-1600/6(10)/0,4 / 400 / Новый- 400- Новый";;;https://static.tildacdn.com/tild3030-3839-4136-b033-313265646230/Group_24.png;265000.0000;;;"Мощность трансформатора:400;Состояние:Новый";;tcRFj13dIvKniXLL52T6;138321259636;0;0;0;0
295864098137;;;;;"Трансформатор масляный ТМ(Г,З)-1600/6(10)/0,4 / 400 / С хранения- 400- С хранения";;;https://static.tildacdn.com/tild3030-3839-4136-b033-313265646230/Group_24.png;160000.0000;;;"Мощность трансформатора:400;Состояние:С хранения";;FcrDMyAHHAUZYrKAVu8S;138321259636;0;0;0;0
154491088679;;;;;"Трансформатор масляный ТМ(Г,З)-1600/6(10)/0,4 / 630 / Новый- 630- Новый";;;https://static.tildacdn.com/tild3030-3839-4136-b033-313265646230/Group_24.png;355000.0000;;;"Мощность трансформатора:630;Состояние:Новый";;ShKgoplovVmg8uBl4ZXB;138321259636;0;0;0;0
646358474427;;;;;"Трансформатор масляный ТМ(Г,З)-1600/6(10)/0,4 / 630 / С хранения- 630- С хранения";;;https://static.tildacdn.com/tild3030-3839-4136-b033-313265646230/Group_24.png;250000.0000;;;"Мощность трансформатора:630;Состояние:С хранения";;xV5bxC3ZpvOBOafLaoCf;138321259636;0;0;0;0
624753171028;;;;;"Трансформатор масляный ТМ(Г,З)-1600/6(10)/0,4 / 1000 / Новый- 1000- Новый";;;https://static.tildacdn.com/tild3030-3839-4136-b033-313265646230/Group_24.png;555000.0000;;;"Мощность трансформатора:1000;Состояние:Новый";;NHFmgp1AXArVFxAdSo0P;138321259636;0;0;0;0
360056703708;;;;;"Трансформатор масляный ТМ(Г,З)-1600/6(10)/0,4 / 1000 / С хранения- 1000- С хранения";;;https://static.tildacdn.com/tild3030-3839-4136-b033-313265646230/Group_24.png;400000.0000;;;"Мощность трансформатора:1000;Состояние:С хранения";;IZUDf1dtfYLcDE3f1I9B;138321259636;0;0;0;0
416179845238;;;;;"Трансформатор масляный ТМ(Г,З)-1600/6(10)/0,4 / 1250 / Новый- 1250- Новый";;;https://static.tildacdn.com/tild3030-3839-4136-b033-313265646230/Group_24.png;750000.0000;;;"Мощность трансформатора:1250;Состояние:Новый";;knB77PF3NlagpUnGbadJ;138321259636;0;0;0;0
431273762133;;;;;"Трансформатор масляный ТМ(Г,З)-1600/6(10)/0,4 / 2500 / Новый- 2500- Новый";;;https://static.tildacdn.com/tild3030-3839-4136-b033-313265646230/Group_24.png;1490000.0000;;;"Мощность трансформатора:2500;Состояние:Новый";;yha0TMOg1jhcncHPgHeG;138321259636;0;0;0;0
939233215875;;;;;"Трансформатор масляный ТМ(Г,З)-1600/6(10)/0,4 / 2500 / С хранения- 2500- С хранения";;;https://static.tildacdn.com/tild3030-3839-4136-b033-313265646230/Group_24.png;950000.0000;;;"Мощность трансформатора:2500;Состояние:С хранения";;Zj6vSUjA9xvuFTJPnOHX;138321259636;0;0;0;0
937057527093;;;;Трансформаторы;"Трансформатор масляный ТМ(Г,З)-2500/6(10)/0,4";"Схема соединения обмоток: У/Ун-0, Д/Ун-11";"Силовые понижающие трехфазные двухобмоточные масляные трансформаторы ТМГ на напряжение 6 или 10 кВ предназначены для преобразования электроэнергии в сетях энергетических систем и для снабжения электрической энергией различных потребителей.";https://static.tildacdn.com/tild3835-6665-4164-b263-653535626134/_1600.jpg;;;;;;lxSG0Ap1NcbmHuBJBd2Z;;0;0;0;0
594264678597;;;;;"Трансформатор масляный ТМ(Г,З)-2500/6(10)/0,4 / С хранения- 2500- С хранения";;;https://static.tildacdn.com/tild3030-3839-4136-b033-313265646230/Group_24.png;950000.0000;;;"Мощность трансформатора:2500;Состояние:С хранения";;yha0TMOg1jhcncHPgHeG;937057527093;0;0;0;0
741540687712;;;;;"Трансформатор масляный ТМ(Г,З)-2500/6(10)/0,4 / Новый- 2500- Новый";;;https://static.tildacdn.com/tild3030-3839-4136-b033-313265646230/Group_24.png;1490000.0000;;;"Мощность трансформатора:2500;Состояние:Новый";;Zj6vSUjA9xvuFTJPnOHX;937057527093;0;0;0;0
120164369687;;;;;"Трансформатор масляный ТМ(Г,З)-2500/6(10)/0,4 / Новый- 25- Новый";;;https://static.tildacdn.com/tild3030-3839-4136-b033-313265646230/Group_24.png;82000.0000;;;"Мощность трансформатора:25;Состояние:Новый";;mov2Hu076ljHikkSbHgU;937057527093;0;0;0;0
208410010261;;;;;"Трансформатор масляный ТМ(Г,З)-2500/6(10)/0,4 / С хранения- 25- С хранения";;;https://static.tildacdn.com/tild3030-3839-4136-b033-313265646230/Group_24.png;55000.0000;;;"Мощность трансформатора:25;Состояние:С хранения";;FFJlVVGFpiVfcbVKY8ma;937057527093;0;0;0;0
171919001162;;;;;"Трансформатор масляный ТМ(Г,З)-2500/6(10)/0,4 / 40 / Новый- 40- Новый";;;https://static.tildacdn.com/tild3030-3839-4136-b033-313265646230/Group_24.png;89000.0000;;;"Мощность трансформатора:40;Состояние:Новый";;xsBKzUZc7lDPIdnPMVyN;937057527093;0;0;0;0
815892711278;;;;;"Трансформатор масляный ТМ(Г,З)-2500/6(10)/0,4 / 40 / С хранения- 40- С хранения";;;https://static.tildacdn.com/tild3030-3839-4136-b033-313265646230/Group_24.png;60000.0000;;;"Мощность трансформатора:40;Состояние:С хранения";;v1Fd7yl3uN591ZucO9Jh;937057527093;0;0;0;0
919129239705;;;;;"Трансформатор масляный ТМ(Г,З)-2500/6(10)/0,4 / 63 / Новый- 63- Новый";;;https://static.tildacdn.com/tild3030-3839-4136-b033-313265646230/Group_24.png;105000.0000;;;"Мощность трансформатора:63;Состояние:Новый";;dflMGEUAbD34ptc5PbB6;937057527093;0;0;0;0
815185196423;;;;;"Трансформатор масляный ТМ(Г,З)-2500/6(10)/0,4 / 63 / С хранения- 63- С хранения";;;https://static.tildacdn.com/tild3030-3839-4136-b033-313265646230/Group_24.png;70000.0000;;;"Мощность трансформатора:63;Состояние:С хранения";;lRMYFAANJz0xhbIVhGz0;937057527093;0;0;0;0
152694009548;;;;;"Трансформатор масляный ТМ(Г,З)-2500/6(10)/0,4 / 100 / Новый- 100- Новый";;;https://static.tildacdn.com/tild3030-3839-4136-b033-313265646230/Group_24.png;130000.0000;;;"Мощность трансформатора:100;Состояние:Новый";;9kDajPkOGlRCjEEzM7ey;937057527093;0;0;0;0
212352685870;;;;;"Трансформатор масляный ТМ(Г,З)-2500/6(10)/0,4 / 100 / С хранения- 100- С хранения";;;https://static.tildacdn.com/tild3030-3839-4136-b033-313265646230/Group_24.png;80000.0000;;;"Мощность трансформатора:100;Состояние:С хранения";;5pyUzDZHHIO9bo0SeULG;937057527093;0;0;0;0
320422675968;;;;;"Трансформатор масляный ТМ(Г,З)-2500/6(10)/0,4 / 160 / Новый- 160- Новый";;;https://static.tildacdn.com/tild3030-3839-4136-b033-313265646230/Group_24.png;165000.0000;;;"Мощность трансформатора:160;Состояние:Новый";;8Ye3iIvf2ho4OVCV5LaO;937057527093;0;0;0;0
612511553201;;;;;"Трансформатор масляный ТМ(Г,З)-2500/6(10)/0,4 / 160 / С хранения- 160- С хранения";;;https://static.tildacdn.com/tild3030-3839-4136-b033-313265646230/Group_24.png;110000.0000;;;"Мощность трансформатора:160;Состояние:С хранения";;uMNEemZ5mBo5PZRU35bF;937057527093;0;0;0;0
180267135088;;;;;"Трансформатор масляный ТМ(Г,З)-2500/6(10)/0,4 / Новый- 250- Новый";;;https://static.tildacdn.com/tild3030-3839-4136-b033-313265646230/Group_24.png;197000.0000;;;"Мощность трансформатора:250;Состояние:Новый";;9HEyDgLKCUEYme85aEoV;937057527093;0;0;0;0
510615128376;;;;;"Трансформатор масляный ТМ(Г,З)-2500/6(10)/0,4 / С хранения- 250- С хранения";;;https://static.tildacdn.com/tild3030-3839-4136-b033-313265646230/Group_24.png;130000.0000;;;"Мощность трансформатора:250;Состояние:С хранения";;pddnGEPCgnCJYPLBK0Ck;937057527093;0;0;0;0
858372099443;;;;;"Трансформатор масляный ТМ(Г,З)-2500/6(10)/0,4 / 400 / Новый- 400- Новый";;;https://static.tildacdn.com/tild3030-3839-4136-b033-313265646230/Group_24.png;265000.0000;;;"Мощность трансформатора:400;Состояние:Новый";;tcRFj13dIvKniXLL52T6;937057527093;0;0;0;0
768222680265;;;;;"Трансформатор масляный ТМ(Г,З)-2500/6(10)/0,4 / 400 / С хранения- 400- С хранения";;;https://static.tildacdn.com/tild3030-3839-4136-b033-313265646230/Group_24.png;160000.0000;;;"Мощность трансформатора:400;Состояние:С хранения";;FcrDMyAHHAUZYrKAVu8S;937057527093;0;0;0;0
531951856239;;;;;"Трансформатор масляный ТМ(Г,З)-2500/6(10)/0,4 / 630 / Новый- 630- Новый";;;https://static.tildacdn.com/tild3030-3839-4136-b033-313265646230/Group_24.png;355000.0000;;;"Мощность трансформатора:630;Состояние:Новый";;ShKgoplovVmg8uBl4ZXB;937057527093;0;0;0;0
730094620108;;;;;"Трансформатор масляный ТМ(Г,З)-2500/6(10)/0,4 / 630 / С хранения- 630- С хранения";;;https://static.tildacdn.com/tild3030-3839-4136-b033-313265646230/Group_24.png;250000.0000;;;"Мощность трансформатора:630;Состояние:С хранения";;xV5bxC3ZpvOBOafLaoCf;937057527093;0;0;0;0
502417200264;;;;;"Трансформатор масляный ТМ(Г,З)-2500/6(10)/0,4 / 1000 / Новый- 1000- Новый";;;https://static.tildacdn.com/tild3030-3839-4136-b033-313265646230/Group_24.png;555000.0000;;;"Мощность трансформатора:1000;Состояние:Новый";;NHFmgp1AXArVFxAdSo0P;937057527093;0;0;0;0
471125561702;;;;;"Трансформатор масляный ТМ(Г,З)-2500/6(10)/0,4 / 1000 / С хранения- 1000- С хранения";;;https://static.tildacdn.com/tild3030-3839-4136-b033-313265646230/Group_24.png;400000.0000;;;"Мощность трансформатора:1000;Состояние:С хранения";;IZUDf1dtfYLcDE3f1I9B;937057527093;0;0;0;0
710517140285;;;;;"Трансформатор масляный ТМ(Г,З)-2500/6(10)/0,4 / 1250 / Новый- 1250- Новый";;;https://static.tildacdn.com/tild3030-3839-4136-b033-313265646230/Group_24.png;750000.0000;;;"Мощность трансформатора:1250;Состояние:Новый";;knB77PF3NlagpUnGbadJ;937057527093;0;0;0;0
625829474627;;;;;"Трансформатор масляный ТМ(Г,З)-2500/6(10)/0,4 / 1600 / Новый- 1600- Новый";;;https://static.tildacdn.com/tild3030-3839-4136-b033-313265646230/Group_24.png;955000.0000;;;"Мощность трансформатора:1600;Состояние:Новый";;gjaV2b6knt0kscxMOrvR;937057527093;0;0;0;0
651801455239;;;;;"Трансформатор масляный ТМ(Г,З)-2500/6(10)/0,4 / 1600 / С хранения- 1600- С хранения";;;https://static.tildacdn.com/tild3030-3839-4136-b033-313265646230/Group_24.png;650000.0000;;;"Мощность трансформатора:1600;Состояние:С хранения";;e1BBUTuUKzVLOHVrmrPy;937057527093;0;0;0;0
264171879313;;;;Трансформаторы;"Трансформатор масляный ТМ(Г)-40/6(10)/0,4";"Схема соединения обмоток: У/Ун-0, Д/Ун-11";"Силовые понижающие трехфазные двухобмоточные масляные трансформаторы ТМГ на напряжение 6 или 10 кВ предназначены для преобразования электроэнергии в сетях энергетических систем и для снабжения электрической энергией различных потребителей.";https://static.tildacdn.com/tild3161-6364-4566-a231-343437656239/_25.jpg;;;;;;lxSG0Ap1NcbmHuBJBd2Z;;0;0;0;0
254002965692;;;;;"Трансформатор масляный ТМ(Г)-40/6(10)/0,4 / С хранения- 40- С хранения";;;https://static.tildacdn.com/tild3030-3839-4136-b033-313265646230/Group_24.png;60000.0000;;;"Мощность трансформатора:40;Состояние:С хранения";;v1Fd7yl3uN591ZucO9Jh;264171879313;0;0;0;0
570298062104;;;;;"Трансформатор масляный ТМ(Г)-40/6(10)/0,4 / Новый- 40- Новый";;;https://static.tildacdn.com/tild3030-3839-4136-b033-313265646230/Group_24.png;89000.0000;;;"Мощность трансформатора:40;Состояние:Новый";;xsBKzUZc7lDPIdnPMVyN;264171879313;0;0;0;0
452985393766;;;;;"Трансформатор масляный ТМ(Г)-40/6(10)/0,4 / 25 / С хранения- 25- С хранения";;;https://static.tildacdn.com/tild3030-3839-4136-b033-313265646230/Group_24.png;55000.0000;;;"Мощность трансформатора:25;Состояние:С хранения";;FFJlVVGFpiVfcbVKY8ma;264171879313;0;0;0;0
401291668156;;;;;"Трансформатор масляный ТМ(Г)-40/6(10)/0,4 / 25 / Новый- 25- Новый";;;https://static.tildacdn.com/tild3030-3839-4136-b033-313265646230/Group_24.png;82000.0000;;;"Мощность трансформатора:25;Состояние:Новый";;mov2Hu076ljHikkSbHgU;264171879313;0;0;0;0
359387692095;;;;;"Трансформатор масляный ТМ(Г)-40/6(10)/0,4 / 63 / С хранения- 63- С хранения";;;https://static.tildacdn.com/tild3030-3839-4136-b033-313265646230/Group_24.png;70000.0000;;;"Мощность трансформатора:63;Состояние:С хранения";;dflMGEUAbD34ptc5PbB6;264171879313;0;0;0;0
389751598548;;;;;"Трансформатор масляный ТМ(Г)-40/6(10)/0,4 / 63 / Новый- 63- Новый";;;https://static.tildacdn.com/tild3030-3839-4136-b033-313265646230/Group_24.png;105000.0000;;;"Мощность трансформатора:63;Состояние:Новый";;lRMYFAANJz0xhbIVhGz0;264171879313;0;0;0;0
574877255195;;;;;"Трансформатор масляный ТМ(Г)-40/6(10)/0,4 / 100 / С хранения- 100- С хранения";;;https://static.tildacdn.com/tild3030-3839-4136-b033-313265646230/Group_24.png;80000.0000;;;"Мощность трансформатора:100;Состояние:С хранения";;9kDajPkOGlRCjEEzM7ey;264171879313;0;0;0;0
414383954038;;;;;"Трансформатор масляный ТМ(Г)-40/6(10)/0,4 / 100 / Новый- 100- Новый";;;https://static.tildacdn.com/tild3030-3839-4136-b033-313265646230/Group_24.png;130000.0000;;;"Мощность трансформатора:100;Состояние:Новый";;5pyUzDZHHIO9bo0SeULG;264171879313;0;0;0;0
617035879365;;;;;"Трансформатор масляный ТМ(Г)-40/6(10)/0,4 / 160 / С хранения- 160- С хранения";;;https://static.tildacdn.com/tild3030-3839-4136-b033-313265646230/Group_24.png;110000.0000;;;"Мощность трансформатора:160;Состояние:С хранения";;8Ye3iIvf2ho4OVCV5LaO;264171879313;0;0;0;0
220744291284;;;;;"Трансформатор масляный ТМ(Г)-40/6(10)/0,4 / 160 / Новый- 160- Новый";;;https://static.tildacdn.com/tild3030-3839-4136-b033-313265646230/Group_24.png;165000.0000;;;"Мощность трансформатора:160;Состояние:Новый";;uMNEemZ5mBo5PZRU35bF;264171879313;0;0;0;0
417003170353;;;;;"Трансформатор масляный ТМ(Г)-40/6(10)/0,4 / 250 / С хранения- 250- С хранения";;;https://static.tildacdn.com/tild3030-3839-4136-b033-313265646230/Group_24.png;130000.0000;;;"Мощность трансформатора:250;Состояние:С хранения";;9HEyDgLKCUEYme85aEoV;264171879313;0;0;0;0
857168966106;;;;;"Трансформатор масляный ТМ(Г)-40/6(10)/0,4 / 250 / Новый- 250- Новый";;;https://static.tildacdn.com/tild3030-3839-4136-b033-313265646230/Group_24.png;197000.0000;;;"Мощность трансформатора:250;Состояние:Новый";;pddnGEPCgnCJYPLBK0Ck;264171879313;0;0;0;0
944846158729;;;;;"Трансформатор масляный ТМ(Г)-40/6(10)/0,4 / 400 / С хранения- 400- С хранения";;;https://static.tildacdn.com/tild3030-3839-4136-b033-313265646230/Group_24.png;160000.0000;;;"Мощность трансформатора:400;Состояние:С хранения";;tcRFj13dIvKniXLL52T6;264171879313;0;0;0;0
137105945609;;;;;"Трансформатор масляный ТМ(Г)-40/6(10)/0,4 / 400 / Новый- 400- Новый";;;https://static.tildacdn.com/tild3030-3839-4136-b033-313265646230/Group_24.png;265000.0000;;;"Мощность трансформатора:400;Состояние:Новый";;FcrDMyAHHAUZYrKAVu8S;264171879313;0;0;0;0
338552539401;;;;;"Трансформатор масляный ТМ(Г)-40/6(10)/0,4 / 630 / С хранения- 630- С хранения";;;https://static.tildacdn.com/tild3030-3839-4136-b033-313265646230/Group_24.png;250000.0000;;;"Мощность трансформатора:630;Состояние:С хранения";;ShKgoplovVmg8uBl4ZXB;264171879313;0;0;0;0
575120998587;;;;;"Трансформатор масляный ТМ(Г)-40/6(10)/0,4 / 630 / Новый- 630- Новый";;;https://static.tildacdn.com/tild3030-3839-4136-b033-313265646230/Group_24.png;355000.0000;;;"Мощность трансформатора:630;Состояние:Новый";;xV5bxC3ZpvOBOafLaoCf;264171879313;0;0;0;0
331540810624;;;;;"Трансформатор масляный ТМ(Г)-40/6(10)/0,4 / 1000 / С хранения- 1000- С хранения";;;https://static.tildacdn.com/tild3030-3839-4136-b033-313265646230/Group_24.png;400000.0000;;;"Мощность трансформатора:1000;Состояние:С хранения";;NHFmgp1AXArVFxAdSo0P;264171879313;0;0;0;0
928866050378;;;;;"Трансформатор масляный ТМ(Г)-40/6(10)/0,4 / 1000 / Новый- 1000- Новый";;;https://static.tildacdn.com/tild3030-3839-4136-b033-313265646230/Group_24.png;555000.0000;;;"Мощность трансформатора:1000;Состояние:Новый";;IZUDf1dtfYLcDE3f1I9B;264171879313;0;0;0;0
770808755016;;;;;"Трансформатор масляный ТМ(Г)-40/6(10)/0,4 / 1250 / Новый- 1250- Новый";;;https://static.tildacdn.com/tild3030-3839-4136-b033-313265646230/Group_24.png;750000.0000;;;"Мощность трансформатора:1250;Состояние:Новый";;knB77PF3NlagpUnGbadJ;264171879313;0;0;0;0
622400782464;;;;;"Трансформатор масляный ТМ(Г)-40/6(10)/0,4 / 1600 / С хранения- 1600- С хранения";;;https://static.tildacdn.com/tild3030-3839-4136-b033-313265646230/Group_24.png;650000.0000;;;"Мощность трансформатора:1600;Состояние:С хранения";;gjaV2b6knt0kscxMOrvR;264171879313;0;0;0;0
987371405731;;;;;"Трансформатор масляный ТМ(Г)-40/6(10)/0,4 / 1600 / Новый- 1600- Новый";;;https://static.tildacdn.com/tild3030-3839-4136-b033-313265646230/Group_24.png;955000.0000;;;"Мощность трансформатора:1600;Состояние:Новый";;e1BBUTuUKzVLOHVrmrPy;264171879313;0;0;0;0
266959917671;;;;;"Трансформатор масляный ТМ(Г)-40/6(10)/0,4 / 2500 / С хранения- 2500- С хранения";;;https://static.tildacdn.com/tild3030-3839-4136-b033-313265646230/Group_24.png;950000.0000;;;"Мощность трансформатора:2500;Состояние:С хранения";;yha0TMOg1jhcncHPgHeG;264171879313;0;0;0;0
280719917051;;;;;"Трансформатор масляный ТМ(Г)-40/6(10)/0,4 / 2500 / Новый- 2500- Новый";;;https://static.tildacdn.com/tild3030-3839-4136-b033-313265646230/Group_24.png;1490000.0000;;;"Мощность трансформатора:2500;Состояние:Новый";;Zj6vSUjA9xvuFTJPnOHX;264171879313;0;0;0;0
833730160961;;;;"Комплектные трансформаторные подстанции";"Подстанции обогрева бетона КТП-ТО 80-У1";;"Используются для температурного прогрева бетона, при проведении строительных или иных работ, связанных с поддержанием заданной температуры смесей и грунта. <br /><ul><li>Управление трансформатором осуществляется в ручном и автоматическом режимах, в зависимости от технологической потребности </li><li>КТП-ТО 80 позволяет оператору регулировать силу тока и выбирать оптимально экономичный режим </li></ul>";https://static.tildacdn.com/tild6464-6336-4134-a135-313035643236/edad39bf667bfd93bcb9.jpg;;;;;;kdFYYDpz9gpvl21fL5ki;;0;0;0;0
777105871725;;;;;"Подстанции обогрева бетона КТП-ТО 80-У1 / С хранения- С хранения";;;;110000.0000;;;"Состояние:С хранения";;8ICakrRx5x3hyNgEAa8E;833730160961;0;0;0;0
897235355080;;;;;"Подстанции обогрева бетона КТП-ТО 80-У1 / Новый- Новый";;;;160000.0000;;;Состояние:Новый;;SKV7NmSFv9oLVMAsUJei;833730160961;0;0;0;0
653413497841;;;;Трансформаторы;"Трансформатор масляный переходной ТМ(Г) 1600/10/6,3";"Схема соединения обмоток У/Д-11";"Силовые понижающие трехфазные двухобмоточные масляные трансформаторы ТМГ на напряжение 6 или 10 кВ предназначены для преобразования электроэнергии в сетях энергетических систем и для снабжения электрической энергией различных потребителей.";https://static.tildacdn.com/tild3036-3264-4538-b435-333531343733/1600-10-6.jpg;650000.0000;;;;;JnfGE1mk23ACjnivfKCL;;0;0;0;0
